,rolList
1,Assassin,Tank,Fighter,Mage,Fighter,Fighter,Support,Fighter,Tank,Fighter,Mage,Fighter,Fighter,Fighter,Tank,Tank,Marksman,Tank,Assassin,Marksman,Marksman,Support,Mage,Mage,Fighter,Marksman,Marksman,Mage,Support,Fighter,Tank,Mage,Support,Mage,Assassin,Support,Support,Tank,Tank,Fighter,Tank,Tank,Mage,Marksman,Tank,Fighter,Assassin,Marksman,Assassin,Mage,Mage,Assassin,Assassin,Fighter,Tank,Marksman,Fighter,Tank,Fighter,Mage,Mage,Fighter,Assassin,Marksman,Fighter,Tank,Marksman,Assassin,Fighter,Marksman,Fighter,Marksman,Assassin,Support,Mage,Mage,Mage,Fighter,Fighter,Support,Marksman,Tank,Fighter,Marksman,Marksman,Mage,Assassin,Marksman,Mage,Fighter,Mage,Fighter,Marksman,Support,Fighter,Fighter,Assassin,Fighter,Fighter,Fighter,Tank,Mage,Mage,Mage,Mage,Marksman,Fighter,Mage,Assassin,Fighter,Fighter,Mage,Mage,Fighter
2,Assassin,Tank,Fighter,Mage,Fighter,Fighter,Support,Fighter,Tank,Fighter,Mage,Fighter,Fighter,Fighter,Tank,Tank,Marksman,Tank,Assassin,Marksman,Marksman,Support,Mage,Mage,Fighter,Marksman,Marksman,Mage,Support,Fighter,Tank,Mage,Support,Mage,Assassin,Support,Support,Tank,Tank,Fighter,Tank,Tank,Mage,Marksman,Tank,Fighter,Assassin,Marksman,Assassin,Mage,Mage,Assassin,Assassin,Fighter,Tank,Marksman,Fighter,Tank,Fighter,Mage,Mage,Fighter,Assassin,Marksman,Fighter,Tank,Marksman,Assassin,Fighter,Marksman,Fighter,Marksman,Assassin,Support,Mage,Mage,Mage,Fighter,Fighter,Support,Marksman,Tank,Fighter,Marksman,Marksman,Mage,Assassin,Marksman,Mage,Fighter,Mage,Fighter,Marksman,Support,Fighter,Fighter,Assassin,Fighter,Fighter,Fighter,Tank,Mage,Mage,Mage,Mage,Marksman,Fighter,Mage,Assassin,Fighter,Fighter,Mage,Mage,Fighter
3,Assassin,Tank,Fighter,Mage,Fighter,Fighter,Support,Fighter,Tank,Fighter,Mage,Fighter,Fighter,Fighter,Tank,Tank,Marksman,Tank,Assassin,Marksman,Marksman,Support,Mage,Mage,Fighter,Marksman,Marksman,Mage,Support,Fighter,Tank,Mage,Support,Mage,Assassin,Support,Support,Tank,Tank,Fighter,Tank,Tank,Mage,Marksman,Tank,Fighter,Assassin,Marksman,Assassin,Mage,Mage,Assassin,Assassin,Fighter,Tank,Marksman,Fighter,Tank,Fighter,Mage,Mage,Fighter,Assassin,Marksman,Fighter,Tank,Marksman,Assassin,Fighter,Marksman,Fighter,Marksman,Assassin,Support,Mage,Mage,Mage,Fighter,Fighter,Support,Marksman,Tank,Fighter,Marksman,Marksman,Mage,Assassin,Marksman,Mage,Fighter,Mage,Fighter,Marksman,Support,Fighter,Fighter,Assassin,Fighter,Fighter,Fighter,Tank,Mage,Mage,Mage,Mage,Marksman,Fighter,Mage,Assassin,Fighter,Fighter,Mage,Mage,Fighter
4,Assassin,Tank,Fighter,Mage,Fighter,Fighter,Support,Fighter,Tank,Fighter,Mage,Fighter,Fighter,Fighter,Tank,Tank,Marksman,Tank,Assassin,Marksman,Marksman,Support,Mage,Mage,Fighter,Marksman,Marksman,Mage,Support,Fighter,Tank,Mage,Support,Mage,Assassin,Support,Support,Tank,Tank,Fighter,Tank,Tank,Mage,Marksman,Tank,Fighter,Assassin,Marksman,Assassin,Mage,Mage,Assassin,Assassin,Fighter,Tank,Marksman,Fighter,Tank,Fighter,Mage,Mage,Fighter,Assassin,Marksman,Fighter,Tank,Marksman,Assassin,Fighter,Marksman,Fighter,Marksman,Assassin,Support,Mage,Mage,Mage,Fighter,Fighter,Support,Marksman,Tank,Fighter,Marksman,Marksman,Mage,Assassin,Marksman,Mage,Fighter,Mage,Fighter,Marksman,Support,Fighter,Fighter,Assassin,Fighter,Fighter,Fighter,Tank,Mage,Mage,Mage,Mage,Marksman,Fighter,Mage,Assassin,Fighter,Fighter,Mage,Mage,Fighter
5,Assassin,Tank,Fighter,Mage,Fighter,Fighter,Support,Fighter,Tank,Fighter,Mage,Fighter,Fighter,Fighter,Tank,Tank,Marksman,Tank,Assassin,Marksman,Marksman,Support,Mage,Mage,Fighter,Marksman,Marksman,Mage,Support,Fighter,Tank,Mage,Support,Mage,Assassin,Support,Support,Tank,Tank,Fighter,Tank,Tank,Mage,Marksman,Tank,Fighter,Assassin,Marksman,Assassin,Mage,Mage,Assassin,Assassin,Fighter,Tank,Marksman,Fighter,Tank,Fighter,Mage,Mage,Fighter,Assassin,Marksman,Fighter,Tank,Marksman,Assassin,Fighter,Marksman,Fighter,Marksman,Assassin,Support,Mage,Mage,Mage,Fighter,Fighter,Support,Marksman,Tank,Fighter,Marksman,Marksman,Mage,Assassin,Marksman,Mage,Fighter,Mage,Fighter,Marksman,Support,Fighter,Fighter,Assassin,Fighter,Fighter,Fighter,Tank,Mage,Mage,Mage,Mage,Marksman,Fighter,Mage,Assassin,Fighter,Fighter,Mage,Mage,Fighter
6,Assassin,Tank,Fighter,Mage,Fighter,Fighter,Support,Fighter,Tank,Fighter,Mage,Fighter,Fighter,Fighter,Tank,Tank,Marksman,Tank,Assassin,Marksman,Marksman,Support,Mage,Mage,Fighter,Marksman,Marksman,Mage,Support,Fighter,Tank,Mage,Support,Mage,Assassin,Support,Support,Tank,Tank,Fighter,Tank,Tank,Mage,Marksman,Tank,Fighter,Assassin,Marksman,Assassin,Mage,Mage,Assassin,Assassin,Fighter,Tank,Marksman,Fighter,Tank,Fighter,Mage,Mage,Fighter,Assassin,Marksman,Fighter,Tank,Marksman,Assassin,Fighter,Marksman,Fighter,Marksman,Assassin,Support,Mage,Mage,Mage,Fighter,Fighter,Support,Marksman,Tank,Fighter,Marksman,Marksman,Mage,Assassin,Marksman,Mage,Fighter,Mage,Fighter,Marksman,Support,Fighter,Fighter,Assassin,Fighter,Fighter,Fighter,Tank,Mage,Mage,Mage,Mage,Marksman,Fighter,Mage,Assassin,Fighter,Fighter,Mage,Mage,Fighter
7,Assassin,Tank,Fighter,Mage,Fighter,Fighter,Support,Fighter,Tank,Fighter,Mage,Fighter,Fighter,Fighter,Tank,Tank,Marksman,Tank,Assassin,Marksman,Marksman,Support,Mage,Mage,Fighter,Marksman,Marksman,Mage,Support,Fighter,Tank,Mage,Support,Mage,Assassin,Support,Support,Tank,Tank,Fighter,Tank,Tank,Mage,Marksman,Tank,Fighter,Assassin,Marksman,Assassin,Mage,Mage,Assassin,Assassin,Fighter,Tank,Marksman,Fighter,Tank,Fighter,Mage,Mage,Fighter,Assassin,Marksman,Fighter,Tank,Marksman,Assassin,Fighter,Marksman,Fighter,Marksman,Assassin,Support,Mage,Mage,Mage,Fighter,Fighter,Support,Marksman,Tank,Fighter,Marksman,Marksman,Mage,Assassin,Marksman,Mage,Fighter,Mage,Fighter,Marksman,Support,Fighter,Fighter,Assassin,Fighter,Fighter,Fighter,Tank,Mage,Mage,Mage,Mage,Marksman,Fighter,Mage,Assassin,Fighter,Fighter,Mage,Mage,Fighter
8,Assassin,Tank,Fighter,Mage,Fighter,Fighter,Support,Fighter,Tank,Fighter,Mage,Fighter,Fighter,Fighter,Tank,Tank,Marksman,Tank,Assassin,Marksman,Marksman,Support,Mage,Mage,Fighter,Marksman,Marksman,Mage,Support,Fighter,Tank,Mage,Support,Mage,Assassin,Support,Support,Tank,Tank,Fighter,Tank,Tank,Mage,Marksman,Tank,Fighter,Assassin,Marksman,Assassin,Mage,Mage,Assassin,Assassin,Fighter,Tank,Marksman,Fighter,Tank,Fighter,Mage,Mage,Fighter,Assassin,Marksman,Fighter,Tank,Marksman,Assassin,Fighter,Marksman,Fighter,Marksman,Assassin,Support,Mage,Mage,Mage,Fighter,Fighter,Support,Marksman,Tank,Fighter,Marksman,Marksman,Mage,Assassin,Marksman,Mage,Fighter,Mage,Fighter,Marksman,Support,Fighter,Fighter,Assassin,Fighter,Fighter,Fighter,Tank,Mage,Mage,Mage,Mage,Marksman,Fighter,Mage,Assassin,Fighter,Fighter,Mage,Mage,Fighter
9,Assassin,Tank,Fighter,Mage,Fighter,Fighter,Support,Fighter,Tank,Fighter,Mage,Fighter,Fighter,Fighter,Tank,Tank,Marksman,Tank,Assassin,Marksman,Marksman,Support,Mage,Mage,Fighter,Marksman,Marksman,Mage,Support,Fighter,Tank,Mage,Support,Mage,Assassin,Support,Support,Tank,Tank,Fighter,Tank,Tank,Mage,Marksman,Tank,Fighter,Assassin,Marksman,Assassin,Mage,Mage,Assassin,Assassin,Fighter,Tank,Marksman,Fighter,Tank,Fighter,Mage,Mage,Fighter,Assassin,Marksman,Fighter,Tank,Marksman,Assassin,Fighter,Marksman,Fighter,Marksman,Assassin,Support,Mage,Mage,Mage,Fighter,Fighter,Support,Marksman,Tank,Fighter,Marksman,Marksman,Mage,Assassin,Marksman,Mage,Fighter,Mage,Fighter,Marksman,Support,Fighter,Fighter,Assassin,Fighter,Fighter,Fighter,Tank,Mage,Mage,Mage,Mage,Marksman,Fighter,Mage,Assassin,Fighter,Fighter,Mage,Mage,Fighter
10,Assassin,Tank,Fighter,Mage,Fighter,Fighter,Support,Fighter,Tank,Fighter,Mage,Fighter,Fighter,Fighter,Tank,Tank,Marksman,Tank,Assassin,Marksman,Marksman,Support,Mage,Mage,Fighter,Marksman,Marksman,Mage,Support,Fighter,Tank,Mage,Support,Mage,Assassin,Support,Support,Tank,Tank,Fighter,Tank,Tank,Mage,Marksman,Tank,Fighter,Assassin,Marksman,Assassin,Mage,Mage,Assassin,Assassin,Fighter,Tank,Marksman,Fighter,Tank,Fighter,Mage,Mage,Fighter,Assassin,Marksman,Fighter,Tank,Marksman,Assassin,Fighter,Marksman,Fighter,Marksman,Assassin,Support,Mage,Mage,Mage,Fighter,Fighter,Support,Marksman,Tank,Fighter,Marksman,Marksman,Mage,Assassin,Marksman,Mage,Fighter,Mage,Fighter,Marksman,Support,Fighter,Fighter,Assassin,Fighter,Fighter,Fighter,Tank,Mage,Mage,Mage,Mage,Marksman,Fighter,Mage,Assassin,Fighter,Fighter,Mage,Mage,Fighter
11,Assassin,Tank,Fighter,Mage,Fighter,Fighter,Support,Fighter,Tank,Fighter,Mage,Fighter,Fighter,Fighter,Tank,Tank,Marksman,Tank,Assassin,Marksman,Marksman,Support,Mage,Mage,Fighter,Marksman,Marksman,Mage,Support,Fighter,Tank,Mage,Support,Mage,Assassin,Support,Support,Tank,Tank,Fighter,Tank,Tank,Mage,Marksman,Tank,Fighter,Assassin,Marksman,Assassin,Mage,Mage,Assassin,Assassin,Fighter,Tank,Marksman,Fighter,Tank,Fighter,Mage,Mage,Fighter,Assassin,Marksman,Fighter,Tank,Marksman,Assassin,Fighter,Marksman,Fighter,Marksman,Assassin,Support,Mage,Mage,Mage,Fighter,Fighter,Support,Marksman,Tank,Fighter,Marksman,Marksman,Mage,Assassin,Marksman,Mage,Fighter,Mage,Fighter,Marksman,Support,Fighter,Fighter,Assassin,Fighter,Fighter,Fighter,Tank,Mage,Mage,Mage,Mage,Marksman,Fighter,Mage,Assassin,Fighter,Fighter,Mage,Mage,Fighter
12,Assassin,Tank,Fighter,Mage,Fighter,Fighter,Support,Fighter,Tank,Fighter,Mage,Fighter,Fighter,Fighter,Tank,Tank,Marksman,Tank,Assassin,Marksman,Marksman,Support,Mage,Mage,Fighter,Marksman,Marksman,Mage,Support,Fighter,Tank,Mage,Support,Mage,Assassin,Support,Support,Tank,Tank,Fighter,Tank,Tank,Mage,Marksman,Tank,Fighter,Assassin,Marksman,Assassin,Mage,Mage,Assassin,Assassin,Fighter,Tank,Marksman,Fighter,Tank,Fighter,Mage,Mage,Fighter,Assassin,Marksman,Fighter,Tank,Marksman,Assassin,Fighter,Marksman,Fighter,Marksman,Assassin,Support,Mage,Mage,Mage,Fighter,Fighter,Support,Marksman,Tank,Fighter,Marksman,Marksman,Mage,Assassin,Marksman,Mage,Fighter,Mage,Fighter,Marksman,Support,Fighter,Fighter,Assassin,Fighter,Fighter,Fighter,Tank,Mage,Mage,Mage,Mage,Marksman,Fighter,Mage,Assassin,Fighter,Fighter,Mage,Mage,Fighter
13,Assassin,Tank,Fighter,Mage,Fighter,Fighter,Support,Fighter,Tank,Fighter,Mage,Fighter,Fighter,Fighter,Tank,Tank,Marksman,Tank,Assassin,Marksman,Marksman,Support,Mage,Mage,Fighter,Marksman,Marksman,Mage,Support,Fighter,Tank,Mage,Support,Mage,Assassin,Support,Support,Tank,Tank,Fighter,Tank,Tank,Mage,Marksman,Tank,Fighter,Assassin,Marksman,Assassin,Mage,Mage,Assassin,Assassin,Fighter,Tank,Marksman,Fighter,Tank,Fighter,Mage,Mage,Fighter,Assassin,Marksman,Fighter,Tank,Marksman,Assassin,Fighter,Marksman,Fighter,Marksman,Assassin,Support,Mage,Mage,Mage,Fighter,Fighter,Support,Marksman,Tank,Fighter,Marksman,Marksman,Mage,Assassin,Marksman,Mage,Fighter,Mage,Fighter,Marksman,Support,Fighter,Fighter,Assassin,Fighter,Fighter,Fighter,Tank,Mage,Mage,Mage,Mage,Marksman,Fighter,Mage,Assassin,Fighter,Fighter,Mage,Mage,Fighter
14,Assassin,Tank,Fighter,Mage,Fighter,Fighter,Support,Fighter,Tank,Fighter,Mage,Fighter,Fighter,Fighter,Tank,Tank,Marksman,Tank,Assassin,Marksman,Marksman,Support,Mage,Mage,Fighter,Marksman,Marksman,Mage,Support,Fighter,Tank,Mage,Support,Mage,Assassin,Support,Support,Tank,Tank,Fighter,Tank,Tank,Mage,Marksman,Tank,Fighter,Assassin,Marksman,Assassin,Mage,Mage,Assassin,Assassin,Fighter,Tank,Marksman,Fighter,Tank,Fighter,Mage,Mage,Fighter,Assassin,Marksman,Fighter,Tank,Marksman,Assassin,Fighter,Marksman,Fighter,Marksman,Assassin,Support,Mage,Mage,Mage,Fighter,Fighter,Support,Marksman,Tank,Fighter,Marksman,Marksman,Mage,Assassin,Marksman,Mage,Fighter,Mage,Fighter,Marksman,Support,Fighter,Fighter,Assassin,Fighter,Fighter,Fighter,Tank,Mage,Mage,Mage,Mage,Marksman,Fighter,Mage,Assassin,Fighter,Fighter,Mage,Mage,Fighter
15,Assassin,Tank,Fighter,Mage,Fighter,Fighter,Support,Fighter,Tank,Fighter,Mage,Fighter,Fighter,Fighter,Tank,Tank,Marksman,Tank,Assassin,Marksman,Marksman,Support,Mage,Mage,Fighter,Marksman,Marksman,Mage,Support,Fighter,Tank,Mage,Support,Mage,Assassin,Support,Support,Tank,Tank,Fighter,Tank,Tank,Mage,Marksman,Tank,Fighter,Assassin,Marksman,Assassin,Mage,Mage,Assassin,Assassin,Fighter,Tank,Marksman,Fighter,Tank,Fighter,Mage,Mage,Fighter,Assassin,Marksman,Fighter,Tank,Marksman,Assassin,Fighter,Marksman,Fighter,Marksman,Assassin,Support,Mage,Mage,Mage,Fighter,Fighter,Support,Marksman,Tank,Fighter,Marksman,Marksman,Mage,Assassin,Marksman,Mage,Fighter,Mage,Fighter,Marksman,Support,Fighter,Fighter,Assassin,Fighter,Fighter,Fighter,Tank,Mage,Mage,Mage,Mage,Marksman,Fighter,Mage,Assassin,Fighter,Fighter,Mage,Mage,Fighter
16,Assassin,Tank,Fighter,Mage,Fighter,Fighter,Support,Fighter,Tank,Fighter,Mage,Fighter,Fighter,Fighter,Tank,Tank,Marksman,Tank,Assassin,Marksman,Marksman,Support,Mage,Mage,Fighter,Marksman,Marksman,Mage,Support,Fighter,Tank,Mage,Support,Mage,Assassin,Support,Support,Tank,Tank,Fighter,Tank,Tank,Mage,Marksman,Tank,Fighter,Assassin,Marksman,Assassin,Mage,Mage,Assassin,Assassin,Fighter,Tank,Marksman,Fighter,Tank,Fighter,Mage,Mage,Fighter,Assassin,Marksman,Fighter,Tank,Marksman,Assassin,Fighter,Marksman,Fighter,Marksman,Assassin,Support,Mage,Mage,Mage,Fighter,Fighter,Support,Marksman,Tank,Fighter,Marksman,Marksman,Mage,Assassin,Marksman,Mage,Fighter,Mage,Fighter,Marksman,Support,Fighter,Fighter,Assassin,Fighter,Fighter,Fighter,Tank,Mage,Mage,Mage,Mage,Marksman,Fighter,Mage,Assassin,Fighter,Fighter,Mage,Mage,Fighter
17,Assassin,Tank,Fighter,Mage,Fighter,Fighter,Support,Fighter,Tank,Fighter,Mage,Fighter,Fighter,Fighter,Tank,Tank,Marksman,Tank,Assassin,Marksman,Marksman,Support,Mage,Mage,Fighter,Marksman,Marksman,Mage,Support,Fighter,Tank,Mage,Support,Mage,Assassin,Support,Support,Tank,Tank,Fighter,Tank,Tank,Mage,Marksman,Tank,Fighter,Assassin,Marksman,Assassin,Mage,Mage,Assassin,Assassin,Fighter,Tank,Marksman,Fighter,Tank,Fighter,Mage,Mage,Fighter,Assassin,Marksman,Fighter,Tank,Marksman,Assassin,Fighter,Marksman,Fighter,Marksman,Assassin,Support,Mage,Mage,Mage,Fighter,Fighter,Support,Marksman,Tank,Fighter,Marksman,Marksman,Mage,Assassin,Marksman,Mage,Fighter,Mage,Fighter,Marksman,Support,Fighter,Fighter,Assassin,Fighter,Fighter,Fighter,Tank,Mage,Mage,Mage,Mage,Marksman,Fighter,Mage,Assassin,Fighter,Fighter,Mage,Mage,Fighter
18,Assassin,Tank,Fighter,Mage,Fighter,Fighter,Support,Fighter,Tank,Fighter,Mage,Fighter,Fighter,Fighter,Tank,Tank,Marksman,Tank,Assassin,Marksman,Marksman,Support,Mage,Mage,Fighter,Marksman,Marksman,Mage,Support,Fighter,Tank,Mage,Support,Mage,Assassin,Support,Support,Tank,Tank,Fighter,Tank,Tank,Mage,Marksman,Tank,Fighter,Assassin,Marksman,Assassin,Mage,Mage,Assassin,Assassin,Fighter,Tank,Marksman,Fighter,Tank,Fighter,Mage,Mage,Fighter,Assassin,Marksman,Fighter,Tank,Marksman,Assassin,Fighter,Marksman,Fighter,Marksman,Assassin,Support,Mage,Mage,Mage,Fighter,Fighter,Support,Marksman,Tank,Fighter,Marksman,Marksman,Mage,Assassin,Marksman,Mage,Fighter,Mage,Fighter,Marksman,Support,Fighter,Fighter,Assassin,Fighter,Fighter,Fighter,Tank,Mage,Mage,Mage,Mage,Marksman,Fighter,Mage,Assassin,Fighter,Fighter,Mage,Mage,Fighter
19,Assassin,Tank,Fighter,Mage,Fighter,Fighter,Support,Fighter,Tank,Fighter,Mage,Fighter,Fighter,Fighter,Tank,Tank,Marksman,Tank,Assassin,Marksman,Marksman,Support,Mage,Mage,Fighter,Marksman,Marksman,Mage,Support,Fighter,Tank,Mage,Support,Mage,Assassin,Support,Support,Tank,Tank,Fighter,Tank,Tank,Mage,Marksman,Tank,Fighter,Assassin,Marksman,Assassin,Mage,Mage,Assassin,Assassin,Fighter,Tank,Marksman,Fighter,Tank,Fighter,Mage,Mage,Fighter,Assassin,Marksman,Fighter,Tank,Marksman,Assassin,Fighter,Marksman,Fighter,Marksman,Assassin,Support,Mage,Mage,Mage,Fighter,Fighter,Support,Marksman,Tank,Fighter,Marksman,Marksman,Mage,Assassin,Marksman,Mage,Fighter,Mage,Fighter,Marksman,Support,Fighter,Fighter,Assassin,Fighter,Fighter,Fighter,Tank,Mage,Mage,Mage,Mage,Marksman,Fighter,Mage,Assassin,Fighter,Fighter,Mage,Mage,Fighter
20,Assassin,Tank,Fighter,Mage,Fighter,Fighter,Support,Fighter,Tank,Fighter,Mage,Fighter,Fighter,Fighter,Tank,Tank,Marksman,Tank,Assassin,Marksman,Marksman,Support,Mage,Mage,Fighter,Marksman,Marksman,Mage,Support,Fighter,Tank,Mage,Support,Mage,Assassin,Support,Support,Tank,Tank,Fighter,Tank,Tank,Mage,Marksman,Tank,Fighter,Assassin,Marksman,Assassin,Mage,Mage,Assassin,Assassin,Fighter,Tank,Marksman,Fighter,Tank,Fighter,Mage,Mage,Fighter,Assassin,Marksman,Fighter,Tank,Marksman,Assassin,Fighter,Marksman,Fighter,Marksman,Assassin,Support,Mage,Mage,Mage,Fighter,Fighter,Support,Marksman,Tank,Fighter,Marksman,Marksman,Mage,Assassin,Marksman,Mage,Fighter,Mage,Fighter,Marksman,Support,Fighter,Fighter,Assassin,Fighter,Fighter,Fighter,Tank,Mage,Mage,Mage,Mage,Marksman,Fighter,Mage,Assassin,Fighter,Fighter,Mage,Mage,Fighter
21,Assassin,Tank,Fighter,Mage,Fighter,Fighter,Support,Fighter,Tank,Fighter,Mage,Fighter,Fighter,Fighter,Tank,Tank,Marksman,Tank,Assassin,Marksman,Marksman,Support,Mage,Mage,Fighter,Marksman,Marksman,Mage,Support,Fighter,Tank,Mage,Support,Mage,Assassin,Support,Support,Tank,Tank,Fighter,Tank,Tank,Mage,Marksman,Tank,Fighter,Assassin,Marksman,Assassin,Mage,Mage,Assassin,Assassin,Fighter,Tank,Marksman,Fighter,Tank,Fighter,Mage,Mage,Fighter,Assassin,Marksman,Fighter,Tank,Marksman,Assassin,Fighter,Marksman,Fighter,Marksman,Assassin,Support,Mage,Mage,Mage,Fighter,Fighter,Support,Marksman,Tank,Fighter,Marksman,Marksman,Mage,Assassin,Marksman,Mage,Fighter,Mage,Fighter,Marksman,Support,Fighter,Fighter,Assassin,Fighter,Fighter,Fighter,Tank,Mage,Mage,Mage,Mage,Marksman,Fighter,Mage,Assassin,Fighter,Fighter,Mage,Mage,Fighter
22,Assassin,Tank,Fighter,Mage,Fighter,Fighter,Support,Fighter,Tank,Fighter,Mage,Fighter,Fighter,Fighter,Tank,Tank,Marksman,Tank,Assassin,Marksman,Marksman,Support,Mage,Mage,Fighter,Marksman,Marksman,Mage,Support,Fighter,Tank,Mage,Support,Mage,Assassin,Support,Support,Tank,Tank,Fighter,Tank,Tank,Mage,Marksman,Tank,Fighter,Assassin,Marksman,Assassin,Mage,Mage,Assassin,Assassin,Fighter,Tank,Marksman,Fighter,Tank,Fighter,Mage,Mage,Fighter,Assassin,Marksman,Fighter,Tank,Marksman,Assassin,Fighter,Marksman,Fighter,Marksman,Assassin,Support,Mage,Mage,Mage,Fighter,Fighter,Support,Marksman,Tank,Fighter,Marksman,Marksman,Mage,Assassin,Marksman,Mage,Fighter,Mage,Fighter,Marksman,Support,Fighter,Fighter,Assassin,Fighter,Fighter,Fighter,Tank,Mage,Mage,Mage,Mage,Marksman,Fighter,Mage,Assassin,Fighter,Fighter,Mage,Mage,Fighter
23,Assassin,Tank,Fighter,Mage,Fighter,Fighter,Support,Fighter,Tank,Fighter,Mage,Fighter,Fighter,Fighter,Tank,Tank,Marksman,Tank,Assassin,Marksman,Marksman,Support,Mage,Mage,Fighter,Marksman,Marksman,Mage,Support,Fighter,Tank,Mage,Support,Mage,Assassin,Support,Support,Tank,Tank,Fighter,Tank,Tank,Mage,Marksman,Tank,Fighter,Assassin,Marksman,Assassin,Mage,Mage,Assassin,Assassin,Fighter,Tank,Marksman,Fighter,Tank,Fighter,Mage,Mage,Fighter,Assassin,Marksman,Fighter,Tank,Marksman,Assassin,Fighter,Marksman,Fighter,Marksman,Assassin,Support,Mage,Mage,Mage,Fighter,Fighter,Support,Marksman,Tank,Fighter,Marksman,Marksman,Mage,Assassin,Marksman,Mage,Fighter,Mage,Fighter,Marksman,Support,Fighter,Fighter,Assassin,Fighter,Fighter,Fighter,Tank,Mage,Mage,Mage,Mage,Marksman,Fighter,Mage,Assassin,Fighter,Fighter,Mage,Mage,Fighter
24,Assassin,Tank,Fighter,Mage,Fighter,Fighter,Support,Fighter,Tank,Fighter,Mage,Fighter,Fighter,Fighter,Tank,Tank,Marksman,Tank,Assassin,Marksman,Marksman,Support,Mage,Mage,Fighter,Marksman,Marksman,Mage,Support,Fighter,Tank,Mage,Support,Mage,Assassin,Support,Support,Tank,Tank,Fighter,Tank,Tank,Mage,Marksman,Tank,Fighter,Assassin,Marksman,Assassin,Mage,Mage,Assassin,Assassin,Fighter,Tank,Marksman,Fighter,Tank,Fighter,Mage,Mage,Fighter,Assassin,Marksman,Fighter,Tank,Marksman,Assassin,Fighter,Marksman,Fighter,Marksman,Assassin,Support,Mage,Mage,Mage,Fighter,Fighter,Support,Marksman,Tank,Fighter,Marksman,Marksman,Mage,Assassin,Marksman,Mage,Fighter,Mage,Fighter,Marksman,Support,Fighter,Fighter,Assassin,Fighter,Fighter,Fighter,Tank,Mage,Mage,Mage,Mage,Marksman,Fighter,Mage,Assassin,Fighter,Fighter,Mage,Mage,Fighter
25,Assassin,Tank,Fighter,Mage,Fighter,Fighter,Support,Fighter,Tank,Fighter,Mage,Fighter,Fighter,Fighter,Tank,Tank,Marksman,Tank,Assassin,Marksman,Marksman,Support,Mage,Mage,Fighter,Marksman,Marksman,Mage,Support,Fighter,Tank,Mage,Support,Mage,Assassin,Support,Support,Tank,Tank,Fighter,Tank,Tank,Mage,Marksman,Tank,Fighter,Assassin,Marksman,Assassin,Mage,Mage,Assassin,Assassin,Fighter,Tank,Marksman,Fighter,Tank,Fighter,Mage,Mage,Fighter,Assassin,Marksman,Fighter,Tank,Marksman,Assassin,Fighter,Marksman,Fighter,Marksman,Assassin,Support,Mage,Mage,Mage,Fighter,Fighter,Support,Marksman,Tank,Fighter,Marksman,Marksman,Mage,Assassin,Marksman,Mage,Fighter,Mage,Fighter,Marksman,Support,Fighter,Fighter,Assassin,Fighter,Fighter,Fighter,Tank,Mage,Mage,Mage,Mage,Marksman,Fighter,Mage,Assassin,Fighter,Fighter,Mage,Mage,Fighter
26,Assassin,Tank,Fighter,Mage,Fighter,Fighter,Support,Fighter,Tank,Fighter,Mage,Fighter,Fighter,Fighter,Tank,Tank,Marksman,Tank,Assassin,Marksman,Marksman,Support,Mage,Mage,Fighter,Marksman,Marksman,Mage,Support,Fighter,Tank,Mage,Support,Mage,Assassin,Support,Support,Tank,Tank,Fighter,Tank,Tank,Mage,Marksman,Tank,Fighter,Assassin,Marksman,Assassin,Mage,Mage,Assassin,Assassin,Fighter,Tank,Marksman,Fighter,Tank,Fighter,Mage,Mage,Fighter,Assassin,Marksman,Fighter,Tank,Marksman,Assassin,Fighter,Marksman,Fighter,Marksman,Assassin,Support,Mage,Mage,Mage,Fighter,Fighter,Support,Marksman,Tank,Fighter,Marksman,Marksman,Mage,Assassin,Marksman,Mage,Fighter,Mage,Fighter,Marksman,Support,Fighter,Fighter,Assassin,Fighter,Fighter,Fighter,Tank,Mage,Mage,Mage,Mage,Marksman,Fighter,Mage,Assassin,Fighter,Fighter,Mage,Mage,Fighter
27,Assassin,Tank,Fighter,Mage,Fighter,Fighter,Support,Fighter,Tank,Fighter,Mage,Fighter,Fighter,Fighter,Tank,Tank,Marksman,Tank,Assassin,Marksman,Marksman,Support,Mage,Mage,Fighter,Marksman,Marksman,Mage,Support,Fighter,Tank,Mage,Support,Mage,Assassin,Support,Support,Tank,Tank,Fighter,Tank,Tank,Mage,Marksman,Tank,Fighter,Assassin,Marksman,Assassin,Mage,Mage,Assassin,Assassin,Fighter,Tank,Marksman,Fighter,Tank,Fighter,Mage,Mage,Fighter,Assassin,Marksman,Fighter,Tank,Marksman,Assassin,Fighter,Marksman,Fighter,Marksman,Assassin,Support,Mage,Mage,Mage,Fighter,Fighter,Support,Marksman,Tank,Fighter,Marksman,Marksman,Mage,Assassin,Marksman,Mage,Fighter,Mage,Fighter,Marksman,Support,Fighter,Fighter,Assassin,Fighter,Fighter,Fighter,Tank,Mage,Mage,Mage,Mage,Marksman,Fighter,Mage,Assassin,Fighter,Fighter,Mage,Mage,Fighter
28,Assassin,Tank,Fighter,Mage,Fighter,Fighter,Support,Fighter,Tank,Fighter,Mage,Fighter,Fighter,Fighter,Tank,Tank,Marksman,Tank,Assassin,Marksman,Marksman,Support,Mage,Mage,Fighter,Marksman,Marksman,Mage,Support,Fighter,Tank,Mage,Support,Mage,Assassin,Support,Support,Tank,Tank,Fighter,Tank,Tank,Mage,Marksman,Tank,Fighter,Assassin,Marksman,Assassin,Mage,Mage,Assassin,Assassin,Fighter,Tank,Marksman,Fighter,Tank,Fighter,Mage,Mage,Fighter,Assassin,Marksman,Fighter,Tank,Marksman,Assassin,Fighter,Marksman,Fighter,Marksman,Assassin,Support,Mage,Mage,Mage,Fighter,Fighter,Support,Marksman,Tank,Fighter,Marksman,Marksman,Mage,Assassin,Marksman,Mage,Fighter,Mage,Fighter,Marksman,Support,Fighter,Fighter,Assassin,Fighter,Fighter,Fighter,Tank,Mage,Mage,Mage,Mage,Marksman,Fighter,Mage,Assassin,Fighter,Fighter,Mage,Mage,Fighter
29,Assassin,Tank,Fighter,Mage,Fighter,Fighter,Support,Fighter,Tank,Fighter,Mage,Fighter,Fighter,Fighter,Tank,Tank,Marksman,Tank,Assassin,Marksman,Marksman,Support,Mage,Mage,Fighter,Marksman,Marksman,Mage,Support,Fighter,Tank,Mage,Support,Mage,Assassin,Support,Support,Tank,Tank,Fighter,Tank,Tank,Mage,Marksman,Tank,Fighter,Assassin,Marksman,Assassin,Mage,Mage,Assassin,Assassin,Fighter,Tank,Marksman,Fighter,Tank,Fighter,Mage,Mage,Fighter,Assassin,Marksman,Fighter,Tank,Marksman,Assassin,Fighter,Marksman,Fighter,Marksman,Assassin,Support,Mage,Mage,Mage,Fighter,Fighter,Support,Marksman,Tank,Fighter,Marksman,Marksman,Mage,Assassin,Marksman,Mage,Fighter,Mage,Fighter,Marksman,Support,Fighter,Fighter,Assassin,Fighter,Fighter,Fighter,Tank,Mage,Mage,Mage,Mage,Marksman,Fighter,Mage,Assassin,Fighter,Fighter,Mage,Mage,Fighter
30,Assassin,Tank,Fighter,Mage,Fighter,Fighter,Support,Fighter,Tank,Fighter,Mage,Fighter,Fighter,Fighter,Tank,Tank,Marksman,Tank,Assassin,Marksman,Marksman,Support,Mage,Mage,Fighter,Marksman,Marksman,Mage,Support,Fighter,Tank,Mage,Support,Mage,Assassin,Support,Support,Tank,Tank,Fighter,Tank,Tank,Mage,Marksman,Tank,Fighter,Assassin,Marksman,Assassin,Mage,Mage,Assassin,Assassin,Fighter,Tank,Marksman,Fighter,Tank,Fighter,Mage,Mage,Fighter,Assassin,Marksman,Fighter,Tank,Marksman,Assassin,Fighter,Marksman,Fighter,Marksman,Assassin,Support,Mage,Mage,Mage,Fighter,Fighter,Support,Marksman,Tank,Fighter,Marksman,Marksman,Mage,Assassin,Marksman,Mage,Fighter,Mage,Fighter,Marksman,Support,Fighter,Fighter,Assassin,Fighter,Fighter,Fighter,Tank,Mage,Mage,Mage,Mage,Marksman,Fighter,Mage,Assassin,Fighter,Fighter,Mage,Mage,Fighter
31,Assassin,Tank,Fighter,Mage,Fighter,Fighter,Support,Fighter,Tank,Fighter,Mage,Fighter,Fighter,Fighter,Tank,Tank,Marksman,Tank,Assassin,Marksman,Marksman,Support,Mage,Mage,Fighter,Marksman,Marksman,Mage,Support,Fighter,Tank,Mage,Support,Mage,Assassin,Support,Support,Tank,Tank,Fighter,Tank,Tank,Mage,Marksman,Tank,Fighter,Assassin,Marksman,Assassin,Mage,Mage,Assassin,Assassin,Fighter,Tank,Marksman,Fighter,Tank,Fighter,Mage,Mage,Fighter,Assassin,Marksman,Fighter,Tank,Marksman,Assassin,Fighter,Marksman,Fighter,Marksman,Assassin,Support,Mage,Mage,Mage,Fighter,Fighter,Support,Marksman,Tank,Fighter,Marksman,Marksman,Mage,Assassin,Marksman,Mage,Fighter,Mage,Fighter,Marksman,Support,Fighter,Fighter,Assassin,Fighter,Fighter,Fighter,Tank,Mage,Mage,Mage,Mage,Marksman,Fighter,Mage,Assassin,Fighter,Fighter,Mage,Mage,Fighter
32,Assassin,Tank,Fighter,Mage,Fighter,Fighter,Support,Fighter,Tank,Fighter,Mage,Fighter,Fighter,Fighter,Tank,Tank,Marksman,Tank,Assassin,Marksman,Marksman,Support,Mage,Mage,Fighter,Marksman,Marksman,Mage,Support,Fighter,Tank,Mage,Support,Mage,Assassin,Support,Support,Tank,Tank,Fighter,Tank,Tank,Mage,Marksman,Tank,Fighter,Assassin,Marksman,Assassin,Mage,Mage,Assassin,Assassin,Fighter,Tank,Marksman,Fighter,Tank,Fighter,Mage,Mage,Fighter,Assassin,Marksman,Fighter,Tank,Marksman,Assassin,Fighter,Marksman,Fighter,Marksman,Assassin,Support,Mage,Mage,Mage,Fighter,Fighter,Support,Marksman,Tank,Fighter,Marksman,Marksman,Mage,Assassin,Marksman,Mage,Fighter,Mage,Fighter,Marksman,Support,Fighter,Fighter,Assassin,Fighter,Fighter,Fighter,Tank,Mage,Mage,Mage,Mage,Marksman,Fighter,Mage,Assassin,Fighter,Fighter,Mage,Mage,Fighter
33,Assassin,Tank,Fighter,Mage,Fighter,Fighter,Support,Fighter,Tank,Fighter,Mage,Fighter,Fighter,Fighter,Tank,Tank,Marksman,Tank,Assassin,Marksman,Marksman,Support,Mage,Mage,Fighter,Marksman,Marksman,Mage,Support,Fighter,Tank,Mage,Support,Mage,Assassin,Support,Support,Tank,Tank,Fighter,Tank,Tank,Mage,Marksman,Tank,Fighter,Assassin,Marksman,Assassin,Mage,Mage,Assassin,Assassin,Fighter,Tank,Marksman,Fighter,Tank,Fighter,Mage,Mage,Fighter,Assassin,Marksman,Fighter,Tank,Marksman,Assassin,Fighter,Marksman,Fighter,Marksman,Assassin,Support,Mage,Mage,Mage,Fighter,Fighter,Support,Marksman,Tank,Fighter,Marksman,Marksman,Mage,Assassin,Marksman,Mage,Fighter,Mage,Fighter,Marksman,Support,Fighter,Fighter,Assassin,Fighter,Fighter,Fighter,Tank,Mage,Mage,Mage,Mage,Marksman,Fighter,Mage,Assassin,Fighter,Fighter,Mage,Mage,Fighter
34,Assassin,Tank,Fighter,Mage,Fighter,Fighter,Support,Fighter,Tank,Fighter,Mage,Fighter,Fighter,Fighter,Tank,Tank,Marksman,Tank,Assassin,Marksman,Marksman,Support,Mage,Mage,Fighter,Marksman,Marksman,Mage,Support,Fighter,Tank,Mage,Support,Mage,Assassin,Support,Support,Tank,Tank,Fighter,Tank,Tank,Mage,Marksman,Tank,Fighter,Assassin,Marksman,Assassin,Mage,Mage,Assassin,Assassin,Fighter,Tank,Marksman,Fighter,Tank,Fighter,Mage,Mage,Fighter,Assassin,Marksman,Fighter,Tank,Marksman,Assassin,Fighter,Marksman,Fighter,Marksman,Assassin,Support,Mage,Mage,Mage,Fighter,Fighter,Support,Marksman,Tank,Fighter,Marksman,Marksman,Mage,Assassin,Marksman,Mage,Fighter,Mage,Fighter,Marksman,Support,Fighter,Fighter,Assassin,Fighter,Fighter,Fighter,Tank,Mage,Mage,Mage,Mage,Marksman,Fighter,Mage,Assassin,Fighter,Fighter,Mage,Mage,Fighter
35,Assassin,Tank,Fighter,Mage,Fighter,Fighter,Support,Fighter,Tank,Fighter,Mage,Fighter,Fighter,Fighter,Tank,Tank,Marksman,Tank,Assassin,Marksman,Marksman,Support,Mage,Mage,Fighter,Marksman,Marksman,Mage,Support,Fighter,Tank,Mage,Support,Mage,Assassin,Support,Support,Tank,Tank,Fighter,Tank,Tank,Mage,Marksman,Tank,Fighter,Assassin,Marksman,Assassin,Mage,Mage,Assassin,Assassin,Fighter,Tank,Marksman,Fighter,Tank,Fighter,Mage,Mage,Fighter,Assassin,Marksman,Fighter,Tank,Marksman,Assassin,Fighter,Marksman,Fighter,Marksman,Assassin,Support,Mage,Mage,Mage,Fighter,Fighter,Support,Marksman,Tank,Fighter,Marksman,Marksman,Mage,Assassin,Marksman,Mage,Fighter,Mage,Fighter,Marksman,Support,Fighter,Fighter,Assassin,Fighter,Fighter,Fighter,Tank,Mage,Mage,Mage,Mage,Marksman,Fighter,Mage,Assassin,Fighter,Fighter,Mage,Mage,Fighter
36,Assassin,Tank,Fighter,Mage,Fighter,Fighter,Support,Fighter,Tank,Fighter,Mage,Fighter,Fighter,Fighter,Tank,Tank,Marksman,Tank,Assassin,Marksman,Marksman,Support,Mage,Mage,Fighter,Marksman,Marksman,Mage,Support,Fighter,Tank,Mage,Support,Mage,Assassin,Support,Support,Tank,Tank,Fighter,Tank,Tank,Mage,Marksman,Tank,Fighter,Assassin,Marksman,Assassin,Mage,Mage,Assassin,Assassin,Fighter,Tank,Marksman,Fighter,Tank,Fighter,Mage,Mage,Fighter,Assassin,Marksman,Fighter,Tank,Marksman,Assassin,Fighter,Marksman,Fighter,Marksman,Assassin,Support,Mage,Mage,Mage,Fighter,Fighter,Support,Marksman,Tank,Fighter,Marksman,Marksman,Mage,Assassin,Marksman,Mage,Fighter,Mage,Fighter,Marksman,Support,Fighter,Fighter,Assassin,Fighter,Fighter,Fighter,Tank,Mage,Mage,Mage,Mage,Marksman,Fighter,Mage,Assassin,Fighter,Fighter,Mage,Mage,Fighter
37,Assassin,Tank,Fighter,Mage,Fighter,Fighter,Support,Fighter,Tank,Fighter,Mage,Fighter,Fighter,Fighter,Tank,Tank,Marksman,Tank,Assassin,Marksman,Marksman,Support,Mage,Mage,Fighter,Marksman,Marksman,Mage,Support,Fighter,Tank,Mage,Support,Mage,Assassin,Support,Support,Tank,Tank,Fighter,Tank,Tank,Mage,Marksman,Tank,Fighter,Assassin,Marksman,Assassin,Mage,Mage,Assassin,Assassin,Fighter,Tank,Marksman,Fighter,Tank,Fighter,Mage,Mage,Fighter,Assassin,Marksman,Fighter,Tank,Marksman,Assassin,Fighter,Marksman,Fighter,Marksman,Assassin,Support,Mage,Mage,Mage,Fighter,Fighter,Support,Marksman,Tank,Fighter,Marksman,Marksman,Mage,Assassin,Marksman,Mage,Fighter,Mage,Fighter,Marksman,Support,Fighter,Fighter,Assassin,Fighter,Fighter,Fighter,Tank,Mage,Mage,Mage,Mage,Marksman,Fighter,Mage,Assassin,Fighter,Fighter,Mage,Mage,Fighter
38,Assassin,Tank,Fighter,Mage,Fighter,Fighter,Support,Fighter,Tank,Fighter,Mage,Fighter,Fighter,Fighter,Tank,Tank,Marksman,Tank,Assassin,Marksman,Marksman,Support,Mage,Mage,Fighter,Marksman,Marksman,Mage,Support,Fighter,Tank,Mage,Support,Mage,Assassin,Support,Support,Tank,Tank,Fighter,Tank,Tank,Mage,Marksman,Tank,Fighter,Assassin,Marksman,Assassin,Mage,Mage,Assassin,Assassin,Fighter,Tank,Marksman,Fighter,Tank,Fighter,Mage,Mage,Fighter,Assassin,Marksman,Fighter,Tank,Marksman,Assassin,Fighter,Marksman,Fighter,Marksman,Assassin,Support,Mage,Mage,Mage,Fighter,Fighter,Support,Marksman,Tank,Fighter,Marksman,Marksman,Mage,Assassin,Marksman,Mage,Fighter,Mage,Fighter,Marksman,Support,Fighter,Fighter,Assassin,Fighter,Fighter,Fighter,Tank,Mage,Mage,Mage,Mage,Marksman,Fighter,Mage,Assassin,Fighter,Fighter,Mage,Mage,Fighter
39,Assassin,Tank,Fighter,Mage,Fighter,Fighter,Support,Fighter,Tank,Fighter,Mage,Fighter,Fighter,Fighter,Tank,Tank,Marksman,Tank,Assassin,Marksman,Marksman,Support,Mage,Mage,Fighter,Marksman,Marksman,Mage,Support,Fighter,Tank,Mage,Support,Mage,Assassin,Support,Support,Tank,Tank,Fighter,Tank,Tank,Mage,Marksman,Tank,Fighter,Assassin,Marksman,Assassin,Mage,Mage,Assassin,Assassin,Fighter,Tank,Marksman,Fighter,Tank,Fighter,Mage,Mage,Fighter,Assassin,Marksman,Fighter,Tank,Marksman,Assassin,Fighter,Marksman,Fighter,Marksman,Assassin,Support,Mage,Mage,Mage,Fighter,Fighter,Support,Marksman,Tank,Fighter,Marksman,Marksman,Mage,Assassin,Marksman,Mage,Fighter,Mage,Fighter,Marksman,Support,Fighter,Fighter,Assassin,Fighter,Fighter,Fighter,Tank,Mage,Mage,Mage,Mage,Marksman,Fighter,Mage,Assassin,Fighter,Fighter,Mage,Mage,Fighter
40,Assassin,Tank,Fighter,Mage,Fighter,Fighter,Support,Fighter,Tank,Fighter,Mage,Fighter,Fighter,Fighter,Tank,Tank,Marksman,Tank,Assassin,Marksman,Marksman,Support,Mage,Mage,Fighter,Marksman,Marksman,Mage,Support,Fighter,Tank,Mage,Support,Mage,Assassin,Support,Support,Tank,Tank,Fighter,Tank,Tank,Mage,Marksman,Tank,Fighter,Assassin,Marksman,Assassin,Mage,Mage,Assassin,Assassin,Fighter,Tank,Marksman,Fighter,Tank,Fighter,Mage,Mage,Fighter,Assassin,Marksman,Fighter,Tank,Marksman,Assassin,Fighter,Marksman,Fighter,Marksman,Assassin,Support,Mage,Mage,Mage,Fighter,Fighter,Support,Marksman,Tank,Fighter,Marksman,Marksman,Mage,Assassin,Marksman,Mage,Fighter,Mage,Fighter,Marksman,Support,Fighter,Fighter,Assassin,Fighter,Fighter,Fighter,Tank,Mage,Mage,Mage,Mage,Marksman,Fighter,Mage,Assassin,Fighter,Fighter,Mage,Mage,Fighter
41,Assassin,Tank,Fighter,Mage,Fighter,Fighter,Support,Fighter,Tank,Fighter,Mage,Fighter,Fighter,Fighter,Tank,Tank,Marksman,Tank,Assassin,Marksman,Marksman,Support,Mage,Mage,Fighter,Marksman,Marksman,Mage,Support,Fighter,Tank,Mage,Support,Mage,Assassin,Support,Support,Tank,Tank,Fighter,Tank,Tank,Mage,Marksman,Tank,Fighter,Assassin,Marksman,Assassin,Mage,Mage,Assassin,Assassin,Fighter,Tank,Marksman,Fighter,Tank,Fighter,Mage,Mage,Fighter,Assassin,Marksman,Fighter,Tank,Marksman,Assassin,Fighter,Marksman,Fighter,Marksman,Assassin,Support,Mage,Mage,Mage,Fighter,Fighter,Support,Marksman,Tank,Fighter,Marksman,Marksman,Mage,Assassin,Marksman,Mage,Fighter,Mage,Fighter,Marksman,Support,Fighter,Fighter,Assassin,Fighter,Fighter,Fighter,Tank,Mage,Mage,Mage,Mage,Marksman,Fighter,Mage,Assassin,Fighter,Fighter,Mage,Mage,Fighter
42,Assassin,Tank,Fighter,Mage,Fighter,Fighter,Support,Fighter,Tank,Fighter,Mage,Fighter,Fighter,Fighter,Tank,Tank,Marksman,Tank,Assassin,Marksman,Marksman,Support,Mage,Mage,Fighter,Marksman,Marksman,Mage,Support,Fighter,Tank,Mage,Support,Mage,Assassin,Support,Support,Tank,Tank,Fighter,Tank,Tank,Mage,Marksman,Tank,Fighter,Assassin,Marksman,Assassin,Mage,Mage,Assassin,Assassin,Fighter,Tank,Marksman,Fighter,Tank,Fighter,Mage,Mage,Fighter,Assassin,Marksman,Fighter,Tank,Marksman,Assassin,Fighter,Marksman,Fighter,Marksman,Assassin,Support,Mage,Mage,Mage,Fighter,Fighter,Support,Marksman,Tank,Fighter,Marksman,Marksman,Mage,Assassin,Marksman,Mage,Fighter,Mage,Fighter,Marksman,Support,Fighter,Fighter,Assassin,Fighter,Fighter,Fighter,Tank,Mage,Mage,Mage,Mage,Marksman,Fighter,Mage,Assassin,Fighter,Fighter,Mage,Mage,Fighter
43,Assassin,Tank,Fighter,Mage,Fighter,Fighter,Support,Fighter,Tank,Fighter,Mage,Fighter,Fighter,Fighter,Tank,Tank,Marksman,Tank,Assassin,Marksman,Marksman,Support,Mage,Mage,Fighter,Marksman,Marksman,Mage,Support,Fighter,Tank,Mage,Support,Mage,Assassin,Support,Support,Tank,Tank,Fighter,Tank,Tank,Mage,Marksman,Tank,Fighter,Assassin,Marksman,Assassin,Mage,Mage,Assassin,Assassin,Fighter,Tank,Marksman,Fighter,Tank,Fighter,Mage,Mage,Fighter,Assassin,Marksman,Fighter,Tank,Marksman,Assassin,Fighter,Marksman,Fighter,Marksman,Assassin,Support,Mage,Mage,Mage,Fighter,Fighter,Support,Marksman,Tank,Fighter,Marksman,Marksman,Mage,Assassin,Marksman,Mage,Fighter,Mage,Fighter,Marksman,Support,Fighter,Fighter,Assassin,Fighter,Fighter,Fighter,Tank,Mage,Mage,Mage,Mage,Marksman,Fighter,Mage,Assassin,Fighter,Fighter,Mage,Mage,Fighter
44,Assassin,Tank,Fighter,Mage,Fighter,Fighter,Support,Fighter,Tank,Fighter,Mage,Fighter,Fighter,Fighter,Tank,Tank,Marksman,Tank,Assassin,Marksman,Marksman,Support,Mage,Mage,Fighter,Marksman,Marksman,Mage,Support,Fighter,Tank,Mage,Support,Mage,Assassin,Support,Support,Tank,Tank,Fighter,Tank,Tank,Mage,Marksman,Tank,Fighter,Assassin,Marksman,Assassin,Mage,Mage,Assassin,Assassin,Fighter,Tank,Marksman,Fighter,Tank,Fighter,Mage,Mage,Fighter,Assassin,Marksman,Fighter,Tank,Marksman,Assassin,Fighter,Marksman,Fighter,Marksman,Assassin,Support,Mage,Mage,Mage,Fighter,Fighter,Support,Marksman,Tank,Fighter,Marksman,Marksman,Mage,Assassin,Marksman,Mage,Fighter,Mage,Fighter,Marksman,Support,Fighter,Fighter,Assassin,Fighter,Fighter,Fighter,Tank,Mage,Mage,Mage,Mage,Marksman,Fighter,Mage,Assassin,Fighter,Fighter,Mage,Mage,Fighter
45,Assassin,Tank,Fighter,Mage,Fighter,Fighter,Support,Fighter,Tank,Fighter,Mage,Fighter,Fighter,Fighter,Tank,Tank,Marksman,Tank,Assassin,Marksman,Marksman,Support,Mage,Mage,Fighter,Marksman,Marksman,Mage,Support,Fighter,Tank,Mage,Support,Mage,Assassin,Support,Support,Tank,Tank,Fighter,Tank,Tank,Mage,Marksman,Tank,Fighter,Assassin,Marksman,Assassin,Mage,Mage,Assassin,Assassin,Fighter,Tank,Marksman,Fighter,Tank,Fighter,Mage,Mage,Fighter,Assassin,Marksman,Fighter,Tank,Marksman,Assassin,Fighter,Marksman,Fighter,Marksman,Assassin,Support,Mage,Mage,Mage,Fighter,Fighter,Support,Marksman,Tank,Fighter,Marksman,Marksman,Mage,Assassin,Marksman,Mage,Fighter,Mage,Fighter,Marksman,Support,Fighter,Fighter,Assassin,Fighter,Fighter,Fighter,Tank,Mage,Mage,Mage,Mage,Marksman,Fighter,Mage,Assassin,Fighter,Fighter,Mage,Mage,Fighter
46,Assassin,Tank,Fighter,Mage,Fighter,Fighter,Support,Fighter,Tank,Fighter,Mage,Fighter,Fighter,Fighter,Tank,Tank,Marksman,Tank,Assassin,Marksman,Marksman,Support,Mage,Mage,Fighter,Marksman,Marksman,Mage,Support,Fighter,Tank,Mage,Support,Mage,Assassin,Support,Support,Tank,Tank,Fighter,Tank,Tank,Mage,Marksman,Tank,Fighter,Assassin,Marksman,Assassin,Mage,Mage,Assassin,Assassin,Fighter,Tank,Marksman,Fighter,Tank,Fighter,Mage,Mage,Fighter,Assassin,Marksman,Fighter,Tank,Marksman,Assassin,Fighter,Marksman,Fighter,Marksman,Assassin,Support,Mage,Mage,Mage,Fighter,Fighter,Support,Marksman,Tank,Fighter,Marksman,Marksman,Mage,Assassin,Marksman,Mage,Fighter,Mage,Fighter,Marksman,Support,Fighter,Fighter,Assassin,Fighter,Fighter,Fighter,Tank,Mage,Mage,Mage,Mage,Marksman,Fighter,Mage,Assassin,Fighter,Fighter,Mage,Mage,Fighter
47,Assassin,Tank,Fighter,Mage,Fighter,Fighter,Support,Fighter,Tank,Fighter,Mage,Fighter,Fighter,Fighter,Tank,Tank,Marksman,Tank,Assassin,Marksman,Marksman,Support,Mage,Mage,Fighter,Marksman,Marksman,Mage,Support,Fighter,Tank,Mage,Support,Mage,Assassin,Support,Support,Tank,Tank,Fighter,Tank,Tank,Mage,Marksman,Tank,Fighter,Assassin,Marksman,Assassin,Mage,Mage,Assassin,Assassin,Fighter,Tank,Marksman,Fighter,Tank,Fighter,Mage,Mage,Fighter,Assassin,Marksman,Fighter,Tank,Marksman,Assassin,Fighter,Marksman,Fighter,Marksman,Assassin,Support,Mage,Mage,Mage,Fighter,Fighter,Support,Marksman,Tank,Fighter,Marksman,Marksman,Mage,Assassin,Marksman,Mage,Fighter,Mage,Fighter,Marksman,Support,Fighter,Fighter,Assassin,Fighter,Fighter,Fighter,Tank,Mage,Mage,Mage,Mage,Marksman,Fighter,Mage,Assassin,Fighter,Fighter,Mage,Mage,Fighter
48,Assassin,Tank,Fighter,Mage,Fighter,Fighter,Support,Fighter,Tank,Fighter,Mage,Fighter,Fighter,Fighter,Tank,Tank,Marksman,Tank,Assassin,Marksman,Marksman,Support,Mage,Mage,Fighter,Marksman,Marksman,Mage,Support,Fighter,Tank,Mage,Support,Mage,Assassin,Support,Support,Tank,Tank,Fighter,Tank,Tank,Mage,Marksman,Tank,Fighter,Assassin,Marksman,Assassin,Mage,Mage,Assassin,Assassin,Fighter,Tank,Marksman,Fighter,Tank,Fighter,Mage,Mage,Fighter,Assassin,Marksman,Fighter,Tank,Marksman,Assassin,Fighter,Marksman,Fighter,Marksman,Assassin,Support,Mage,Mage,Mage,Fighter,Fighter,Support,Marksman,Tank,Fighter,Marksman,Marksman,Mage,Assassin,Marksman,Mage,Fighter,Mage,Fighter,Marksman,Support,Fighter,Fighter,Assassin,Fighter,Fighter,Fighter,Tank,Mage,Mage,Mage,Mage,Marksman,Fighter,Mage,Assassin,Fighter,Fighter,Mage,Mage,Fighter
49,Assassin,Tank,Fighter,Mage,Fighter,Fighter,Support,Fighter,Tank,Fighter,Mage,Fighter,Fighter,Fighter,Tank,Tank,Marksman,Tank,Assassin,Marksman,Marksman,Support,Mage,Mage,Fighter,Marksman,Marksman,Mage,Support,Fighter,Tank,Mage,Support,Mage,Assassin,Support,Support,Tank,Tank,Fighter,Tank,Tank,Mage,Marksman,Tank,Fighter,Assassin,Marksman,Assassin,Mage,Mage,Assassin,Assassin,Fighter,Tank,Marksman,Fighter,Tank,Fighter,Mage,Mage,Fighter,Assassin,Marksman,Fighter,Tank,Marksman,Assassin,Fighter,Marksman,Fighter,Marksman,Assassin,Support,Mage,Mage,Mage,Fighter,Fighter,Support,Marksman,Tank,Fighter,Marksman,Marksman,Mage,Assassin,Marksman,Mage,Fighter,Mage,Fighter,Marksman,Support,Fighter,Fighter,Assassin,Fighter,Fighter,Fighter,Tank,Mage,Mage,Mage,Mage,Marksman,Fighter,Mage,Assassin,Fighter,Fighter,Mage,Mage,Fighter
50,Assassin,Tank,Fighter,Mage,Fighter,Fighter,Support,Fighter,Tank,Fighter,Mage,Fighter,Fighter,Fighter,Tank,Tank,Marksman,Tank,Assassin,Marksman,Marksman,Support,Mage,Mage,Fighter,Marksman,Marksman,Mage,Support,Fighter,Tank,Mage,Support,Mage,Assassin,Support,Support,Tank,Tank,Fighter,Tank,Tank,Mage,Marksman,Tank,Fighter,Assassin,Marksman,Assassin,Mage,Mage,Assassin,Assassin,Fighter,Tank,Marksman,Fighter,Tank,Fighter,Mage,Mage,Fighter,Assassin,Marksman,Fighter,Tank,Marksman,Assassin,Fighter,Marksman,Fighter,Marksman,Assassin,Support,Mage,Mage,Mage,Fighter,Fighter,Support,Marksman,Tank,Fighter,Marksman,Marksman,Mage,Assassin,Marksman,Mage,Fighter,Mage,Fighter,Marksman,Support,Fighter,Fighter,Assassin,Fighter,Fighter,Fighter,Tank,Mage,Mage,Mage,Mage,Marksman,Fighter,Mage,Assassin,Fighter,Fighter,Mage,Mage,Fighter
51,Assassin,Tank,Fighter,Mage,Fighter,Fighter,Support,Fighter,Tank,Fighter,Mage,Fighter,Fighter,Fighter,Tank,Tank,Marksman,Tank,Assassin,Marksman,Marksman,Support,Mage,Mage,Fighter,Marksman,Marksman,Mage,Support,Fighter,Tank,Mage,Support,Mage,Assassin,Support,Support,Tank,Tank,Fighter,Tank,Tank,Mage,Marksman,Tank,Fighter,Assassin,Marksman,Assassin,Mage,Mage,Assassin,Assassin,Fighter,Tank,Marksman,Fighter,Tank,Fighter,Mage,Mage,Fighter,Assassin,Marksman,Fighter,Tank,Marksman,Assassin,Fighter,Marksman,Fighter,Marksman,Assassin,Support,Mage,Mage,Mage,Fighter,Fighter,Support,Marksman,Tank,Fighter,Marksman,Marksman,Mage,Assassin,Marksman,Mage,Fighter,Mage,Fighter,Marksman,Support,Fighter,Fighter,Assassin,Fighter,Fighter,Fighter,Tank,Mage,Mage,Mage,Mage,Marksman,Fighter,Mage,Assassin,Fighter,Fighter,Mage,Mage,Fighter
52,Assassin,Tank,Fighter,Mage,Fighter,Fighter,Support,Fighter,Tank,Fighter,Mage,Fighter,Fighter,Fighter,Tank,Tank,Marksman,Tank,Assassin,Marksman,Marksman,Support,Mage,Mage,Fighter,Marksman,Marksman,Mage,Support,Fighter,Tank,Mage,Support,Mage,Assassin,Support,Support,Tank,Tank,Fighter,Tank,Tank,Mage,Marksman,Tank,Fighter,Assassin,Marksman,Assassin,Mage,Mage,Assassin,Assassin,Fighter,Tank,Marksman,Fighter,Tank,Fighter,Mage,Mage,Fighter,Assassin,Marksman,Fighter,Tank,Marksman,Assassin,Fighter,Marksman,Fighter,Marksman,Assassin,Support,Mage,Mage,Mage,Fighter,Fighter,Support,Marksman,Tank,Fighter,Marksman,Marksman,Mage,Assassin,Marksman,Mage,Fighter,Mage,Fighter,Marksman,Support,Fighter,Fighter,Assassin,Fighter,Fighter,Fighter,Tank,Mage,Mage,Mage,Mage,Marksman,Fighter,Mage,Assassin,Fighter,Fighter,Mage,Mage,Fighter
53,Assassin,Tank,Fighter,Mage,Fighter,Fighter,Support,Fighter,Tank,Fighter,Mage,Fighter,Fighter,Fighter,Tank,Tank,Marksman,Tank,Assassin,Marksman,Marksman,Support,Mage,Mage,Fighter,Marksman,Marksman,Mage,Support,Fighter,Tank,Mage,Support,Mage,Assassin,Support,Support,Tank,Tank,Fighter,Tank,Tank,Mage,Marksman,Tank,Fighter,Assassin,Marksman,Assassin,Mage,Mage,Assassin,Assassin,Fighter,Tank,Marksman,Fighter,Tank,Fighter,Mage,Mage,Fighter,Assassin,Marksman,Fighter,Tank,Marksman,Assassin,Fighter,Marksman,Fighter,Marksman,Assassin,Support,Mage,Mage,Mage,Fighter,Fighter,Support,Marksman,Tank,Fighter,Marksman,Marksman,Mage,Assassin,Marksman,Mage,Fighter,Mage,Fighter,Marksman,Support,Fighter,Fighter,Assassin,Fighter,Fighter,Fighter,Tank,Mage,Mage,Mage,Mage,Marksman,Fighter,Mage,Assassin,Fighter,Fighter,Mage,Mage,Fighter
54,Assassin,Tank,Fighter,Mage,Fighter,Fighter,Support,Fighter,Tank,Fighter,Mage,Fighter,Fighter,Fighter,Tank,Tank,Marksman,Tank,Assassin,Marksman,Marksman,Support,Mage,Mage,Fighter,Marksman,Marksman,Mage,Support,Fighter,Tank,Mage,Support,Mage,Assassin,Support,Support,Tank,Tank,Fighter,Tank,Tank,Mage,Marksman,Tank,Fighter,Assassin,Marksman,Assassin,Mage,Mage,Assassin,Assassin,Fighter,Tank,Marksman,Fighter,Tank,Fighter,Mage,Mage,Fighter,Assassin,Marksman,Fighter,Tank,Marksman,Assassin,Fighter,Marksman,Fighter,Marksman,Assassin,Support,Mage,Mage,Mage,Fighter,Fighter,Support,Marksman,Tank,Fighter,Marksman,Marksman,Mage,Assassin,Marksman,Mage,Fighter,Mage,Fighter,Marksman,Support,Fighter,Fighter,Assassin,Fighter,Fighter,Fighter,Tank,Mage,Mage,Mage,Mage,Marksman,Fighter,Mage,Assassin,Fighter,Fighter,Mage,Mage,Fighter
55,Assassin,Tank,Fighter,Mage,Fighter,Fighter,Support,Fighter,Tank,Fighter,Mage,Fighter,Fighter,Fighter,Tank,Tank,Marksman,Tank,Assassin,Marksman,Marksman,Support,Mage,Mage,Fighter,Marksman,Marksman,Mage,Support,Fighter,Tank,Mage,Support,Mage,Assassin,Support,Support,Tank,Tank,Fighter,Tank,Tank,Mage,Marksman,Tank,Fighter,Assassin,Marksman,Assassin,Mage,Mage,Assassin,Assassin,Fighter,Tank,Marksman,Fighter,Tank,Fighter,Mage,Mage,Fighter,Assassin,Marksman,Fighter,Tank,Marksman,Assassin,Fighter,Marksman,Fighter,Marksman,Assassin,Support,Mage,Mage,Mage,Fighter,Fighter,Support,Marksman,Tank,Fighter,Marksman,Marksman,Mage,Assassin,Marksman,Mage,Fighter,Mage,Fighter,Marksman,Support,Fighter,Fighter,Assassin,Fighter,Fighter,Fighter,Tank,Mage,Mage,Mage,Mage,Marksman,Fighter,Mage,Assassin,Fighter,Fighter,Mage,Mage,Fighter
56,Assassin,Tank,Fighter,Mage,Fighter,Fighter,Support,Fighter,Tank,Fighter,Mage,Fighter,Fighter,Fighter,Tank,Tank,Marksman,Tank,Assassin,Marksman,Marksman,Support,Mage,Mage,Fighter,Marksman,Marksman,Mage,Support,Fighter,Tank,Mage,Support,Mage,Assassin,Support,Support,Tank,Tank,Fighter,Tank,Tank,Mage,Marksman,Tank,Fighter,Assassin,Marksman,Assassin,Mage,Mage,Assassin,Assassin,Fighter,Tank,Marksman,Fighter,Tank,Fighter,Mage,Mage,Fighter,Assassin,Marksman,Fighter,Tank,Marksman,Assassin,Fighter,Marksman,Fighter,Marksman,Assassin,Support,Mage,Mage,Mage,Fighter,Fighter,Support,Marksman,Tank,Fighter,Marksman,Marksman,Mage,Assassin,Marksman,Mage,Fighter,Mage,Fighter,Marksman,Support,Fighter,Fighter,Assassin,Fighter,Fighter,Fighter,Tank,Mage,Mage,Mage,Mage,Marksman,Fighter,Mage,Assassin,Fighter,Fighter,Mage,Mage,Fighter
57,Assassin,Tank,Fighter,Mage,Fighter,Fighter,Support,Fighter,Tank,Fighter,Mage,Fighter,Fighter,Fighter,Tank,Tank,Marksman,Tank,Assassin,Marksman,Marksman,Support,Mage,Mage,Fighter,Marksman,Marksman,Mage,Support,Fighter,Tank,Mage,Support,Mage,Assassin,Support,Support,Tank,Tank,Fighter,Tank,Tank,Mage,Marksman,Tank,Fighter,Assassin,Marksman,Assassin,Mage,Mage,Assassin,Assassin,Fighter,Tank,Marksman,Fighter,Tank,Fighter,Mage,Mage,Fighter,Assassin,Marksman,Fighter,Tank,Marksman,Assassin,Fighter,Marksman,Fighter,Marksman,Assassin,Support,Mage,Mage,Mage,Fighter,Fighter,Support,Marksman,Tank,Fighter,Marksman,Marksman,Mage,Assassin,Marksman,Mage,Fighter,Mage,Fighter,Marksman,Support,Fighter,Fighter,Assassin,Fighter,Fighter,Fighter,Tank,Mage,Mage,Mage,Mage,Marksman,Fighter,Mage,Assassin,Fighter,Fighter,Mage,Mage,Fighter
58,Assassin,Tank,Fighter,Mage,Fighter,Fighter,Support,Fighter,Tank,Fighter,Mage,Fighter,Fighter,Fighter,Tank,Tank,Marksman,Tank,Assassin,Marksman,Marksman,Support,Mage,Mage,Fighter,Marksman,Marksman,Mage,Support,Fighter,Tank,Mage,Support,Mage,Assassin,Support,Support,Tank,Tank,Fighter,Tank,Tank,Mage,Marksman,Tank,Fighter,Assassin,Marksman,Assassin,Mage,Mage,Assassin,Assassin,Fighter,Tank,Marksman,Fighter,Tank,Fighter,Mage,Mage,Fighter,Assassin,Marksman,Fighter,Tank,Marksman,Assassin,Fighter,Marksman,Fighter,Marksman,Assassin,Support,Mage,Mage,Mage,Fighter,Fighter,Support,Marksman,Tank,Fighter,Marksman,Marksman,Mage,Assassin,Marksman,Mage,Fighter,Mage,Fighter,Marksman,Support,Fighter,Fighter,Assassin,Fighter,Fighter,Fighter,Tank,Mage,Mage,Mage,Mage,Marksman,Fighter,Mage,Assassin,Fighter,Fighter,Mage,Mage,Fighter
59,Assassin,Tank,Fighter,Mage,Fighter,Fighter,Support,Fighter,Tank,Fighter,Mage,Fighter,Fighter,Fighter,Tank,Tank,Marksman,Tank,Assassin,Marksman,Marksman,Support,Mage,Mage,Fighter,Marksman,Marksman,Mage,Support,Fighter,Tank,Mage,Support,Mage,Assassin,Support,Support,Tank,Tank,Fighter,Tank,Tank,Mage,Marksman,Tank,Fighter,Assassin,Marksman,Assassin,Mage,Mage,Assassin,Assassin,Fighter,Tank,Marksman,Fighter,Tank,Fighter,Mage,Mage,Fighter,Assassin,Marksman,Fighter,Tank,Marksman,Assassin,Fighter,Marksman,Fighter,Marksman,Assassin,Support,Mage,Mage,Mage,Fighter,Fighter,Support,Marksman,Tank,Fighter,Marksman,Marksman,Mage,Assassin,Marksman,Mage,Fighter,Mage,Fighter,Marksman,Support,Fighter,Fighter,Assassin,Fighter,Fighter,Fighter,Tank,Mage,Mage,Mage,Mage,Marksman,Fighter,Mage,Assassin,Fighter,Fighter,Mage,Mage,Fighter
60,Assassin,Tank,Fighter,Mage,Fighter,Fighter,Support,Fighter,Tank,Fighter,Mage,Fighter,Fighter,Fighter,Tank,Tank,Marksman,Tank,Assassin,Marksman,Marksman,Support,Mage,Mage,Fighter,Marksman,Marksman,Mage,Support,Fighter,Tank,Mage,Support,Mage,Assassin,Support,Support,Tank,Tank,Fighter,Tank,Tank,Mage,Marksman,Tank,Fighter,Assassin,Marksman,Assassin,Mage,Mage,Assassin,Assassin,Fighter,Tank,Marksman,Fighter,Tank,Fighter,Mage,Mage,Fighter,Assassin,Marksman,Fighter,Tank,Marksman,Assassin,Fighter,Marksman,Fighter,Marksman,Assassin,Support,Mage,Mage,Mage,Fighter,Fighter,Support,Marksman,Tank,Fighter,Marksman,Marksman,Mage,Assassin,Marksman,Mage,Fighter,Mage,Fighter,Marksman,Support,Fighter,Fighter,Assassin,Fighter,Fighter,Fighter,Tank,Mage,Mage,Mage,Mage,Marksman,Fighter,Mage,Assassin,Fighter,Fighter,Mage,Mage,Fighter
61,Assassin,Tank,Fighter,Mage,Fighter,Fighter,Support,Fighter,Tank,Fighter,Mage,Fighter,Fighter,Fighter,Tank,Tank,Marksman,Tank,Assassin,Marksman,Marksman,Support,Mage,Mage,Fighter,Marksman,Marksman,Mage,Support,Fighter,Tank,Mage,Support,Mage,Assassin,Support,Support,Tank,Tank,Fighter,Tank,Tank,Mage,Marksman,Tank,Fighter,Assassin,Marksman,Assassin,Mage,Mage,Assassin,Assassin,Fighter,Tank,Marksman,Fighter,Tank,Fighter,Mage,Mage,Fighter,Assassin,Marksman,Fighter,Tank,Marksman,Assassin,Fighter,Marksman,Fighter,Marksman,Assassin,Support,Mage,Mage,Mage,Fighter,Fighter,Support,Marksman,Tank,Fighter,Marksman,Marksman,Mage,Assassin,Marksman,Mage,Fighter,Mage,Fighter,Marksman,Support,Fighter,Fighter,Assassin,Fighter,Fighter,Fighter,Tank,Mage,Mage,Mage,Mage,Marksman,Fighter,Mage,Assassin,Fighter,Fighter,Mage,Mage,Fighter
62,Assassin,Tank,Fighter,Mage,Fighter,Fighter,Support,Fighter,Tank,Fighter,Mage,Fighter,Fighter,Fighter,Tank,Tank,Marksman,Tank,Assassin,Marksman,Marksman,Support,Mage,Mage,Fighter,Marksman,Marksman,Mage,Support,Fighter,Tank,Mage,Support,Mage,Assassin,Support,Support,Tank,Tank,Fighter,Tank,Tank,Mage,Marksman,Tank,Fighter,Assassin,Marksman,Assassin,Mage,Mage,Assassin,Assassin,Fighter,Tank,Marksman,Fighter,Tank,Fighter,Mage,Mage,Fighter,Assassin,Marksman,Fighter,Tank,Marksman,Assassin,Fighter,Marksman,Fighter,Marksman,Assassin,Support,Mage,Mage,Mage,Fighter,Fighter,Support,Marksman,Tank,Fighter,Marksman,Marksman,Mage,Assassin,Marksman,Mage,Fighter,Mage,Fighter,Marksman,Support,Fighter,Fighter,Assassin,Fighter,Fighter,Fighter,Tank,Mage,Mage,Mage,Mage,Marksman,Fighter,Mage,Assassin,Fighter,Fighter,Mage,Mage,Fighter
63,Assassin,Tank,Fighter,Mage,Fighter,Fighter,Support,Fighter,Tank,Fighter,Mage,Fighter,Fighter,Fighter,Tank,Tank,Marksman,Tank,Assassin,Marksman,Marksman,Support,Mage,Mage,Fighter,Marksman,Marksman,Mage,Support,Fighter,Tank,Mage,Support,Mage,Assassin,Support,Support,Tank,Tank,Fighter,Tank,Tank,Mage,Marksman,Tank,Fighter,Assassin,Marksman,Assassin,Mage,Mage,Assassin,Assassin,Fighter,Tank,Marksman,Fighter,Tank,Fighter,Mage,Mage,Fighter,Assassin,Marksman,Fighter,Tank,Marksman,Assassin,Fighter,Marksman,Fighter,Marksman,Assassin,Support,Mage,Mage,Mage,Fighter,Fighter,Support,Marksman,Tank,Fighter,Marksman,Marksman,Mage,Assassin,Marksman,Mage,Fighter,Mage,Fighter,Marksman,Support,Fighter,Fighter,Assassin,Fighter,Fighter,Fighter,Tank,Mage,Mage,Mage,Mage,Marksman,Fighter,Mage,Assassin,Fighter,Fighter,Mage,Mage,Fighter
64,Assassin,Tank,Fighter,Mage,Fighter,Fighter,Support,Fighter,Tank,Fighter,Mage,Fighter,Fighter,Fighter,Tank,Tank,Marksman,Tank,Assassin,Marksman,Marksman,Support,Mage,Mage,Fighter,Marksman,Marksman,Mage,Support,Fighter,Tank,Mage,Support,Mage,Assassin,Support,Support,Tank,Tank,Fighter,Tank,Tank,Mage,Marksman,Tank,Fighter,Assassin,Marksman,Assassin,Mage,Mage,Assassin,Assassin,Fighter,Tank,Marksman,Fighter,Tank,Fighter,Mage,Mage,Fighter,Assassin,Marksman,Fighter,Tank,Marksman,Assassin,Fighter,Marksman,Fighter,Marksman,Assassin,Support,Mage,Mage,Mage,Fighter,Fighter,Support,Marksman,Tank,Fighter,Marksman,Marksman,Mage,Assassin,Marksman,Mage,Fighter,Mage,Fighter,Marksman,Support,Fighter,Fighter,Assassin,Fighter,Fighter,Fighter,Tank,Mage,Mage,Mage,Mage,Marksman,Fighter,Mage,Assassin,Fighter,Fighter,Mage,Mage,Fighter
65,Assassin,Tank,Fighter,Mage,Fighter,Fighter,Support,Fighter,Tank,Fighter,Mage,Fighter,Fighter,Fighter,Tank,Tank,Marksman,Tank,Assassin,Marksman,Marksman,Support,Mage,Mage,Fighter,Marksman,Marksman,Mage,Support,Fighter,Tank,Mage,Support,Mage,Assassin,Support,Support,Tank,Tank,Fighter,Tank,Tank,Mage,Marksman,Tank,Fighter,Assassin,Marksman,Assassin,Mage,Mage,Assassin,Assassin,Fighter,Tank,Marksman,Fighter,Tank,Fighter,Mage,Mage,Fighter,Assassin,Marksman,Fighter,Tank,Marksman,Assassin,Fighter,Marksman,Fighter,Marksman,Assassin,Support,Mage,Mage,Mage,Fighter,Fighter,Support,Marksman,Tank,Fighter,Marksman,Marksman,Mage,Assassin,Marksman,Mage,Fighter,Mage,Fighter,Marksman,Support,Fighter,Fighter,Assassin,Fighter,Fighter,Fighter,Tank,Mage,Mage,Mage,Mage,Marksman,Fighter,Mage,Assassin,Fighter,Fighter,Mage,Mage,Fighter
66,Assassin,Tank,Fighter,Mage,Fighter,Fighter,Support,Fighter,Tank,Fighter,Mage,Fighter,Fighter,Fighter,Tank,Tank,Marksman,Tank,Assassin,Marksman,Marksman,Support,Mage,Mage,Fighter,Marksman,Marksman,Mage,Support,Fighter,Tank,Mage,Support,Mage,Assassin,Support,Support,Tank,Tank,Fighter,Tank,Tank,Mage,Marksman,Tank,Fighter,Assassin,Marksman,Assassin,Mage,Mage,Assassin,Assassin,Fighter,Tank,Marksman,Fighter,Tank,Fighter,Mage,Mage,Fighter,Assassin,Marksman,Fighter,Tank,Marksman,Assassin,Fighter,Marksman,Fighter,Marksman,Assassin,Support,Mage,Mage,Mage,Fighter,Fighter,Support,Marksman,Tank,Fighter,Marksman,Marksman,Mage,Assassin,Marksman,Mage,Fighter,Mage,Fighter,Marksman,Support,Fighter,Fighter,Assassin,Fighter,Fighter,Fighter,Tank,Mage,Mage,Mage,Mage,Marksman,Fighter,Mage,Assassin,Fighter,Fighter,Mage,Mage,Fighter
67,Assassin,Tank,Fighter,Mage,Fighter,Fighter,Support,Fighter,Tank,Fighter,Mage,Fighter,Fighter,Fighter,Tank,Tank,Marksman,Tank,Assassin,Marksman,Marksman,Support,Mage,Mage,Fighter,Marksman,Marksman,Mage,Support,Fighter,Tank,Mage,Support,Mage,Assassin,Support,Support,Tank,Tank,Fighter,Tank,Tank,Mage,Marksman,Tank,Fighter,Assassin,Marksman,Assassin,Mage,Mage,Assassin,Assassin,Fighter,Tank,Marksman,Fighter,Tank,Fighter,Mage,Mage,Fighter,Assassin,Marksman,Fighter,Tank,Marksman,Assassin,Fighter,Marksman,Fighter,Marksman,Assassin,Support,Mage,Mage,Mage,Fighter,Fighter,Support,Marksman,Tank,Fighter,Marksman,Marksman,Mage,Assassin,Marksman,Mage,Fighter,Mage,Fighter,Marksman,Support,Fighter,Fighter,Assassin,Fighter,Fighter,Fighter,Tank,Mage,Mage,Mage,Mage,Marksman,Fighter,Mage,Assassin,Fighter,Fighter,Mage,Mage,Fighter
68,Assassin,Tank,Fighter,Mage,Fighter,Fighter,Support,Fighter,Tank,Fighter,Mage,Fighter,Fighter,Fighter,Tank,Tank,Marksman,Tank,Assassin,Marksman,Marksman,Support,Mage,Mage,Fighter,Marksman,Marksman,Mage,Support,Fighter,Tank,Mage,Support,Mage,Assassin,Support,Support,Tank,Tank,Fighter,Tank,Tank,Mage,Marksman,Tank,Fighter,Assassin,Marksman,Assassin,Mage,Mage,Assassin,Assassin,Fighter,Tank,Marksman,Fighter,Tank,Fighter,Mage,Mage,Fighter,Assassin,Marksman,Fighter,Tank,Marksman,Assassin,Fighter,Marksman,Fighter,Marksman,Assassin,Support,Mage,Mage,Mage,Fighter,Fighter,Support,Marksman,Tank,Fighter,Marksman,Marksman,Mage,Assassin,Marksman,Mage,Fighter,Mage,Fighter,Marksman,Support,Fighter,Fighter,Assassin,Fighter,Fighter,Fighter,Tank,Mage,Mage,Mage,Mage,Marksman,Fighter,Mage,Assassin,Fighter,Fighter,Mage,Mage,Fighter
69,Assassin,Tank,Fighter,Mage,Fighter,Fighter,Support,Fighter,Tank,Fighter,Mage,Fighter,Fighter,Fighter,Tank,Tank,Marksman,Tank,Assassin,Marksman,Marksman,Support,Mage,Mage,Fighter,Marksman,Marksman,Mage,Support,Fighter,Tank,Mage,Support,Mage,Assassin,Support,Support,Tank,Tank,Fighter,Tank,Tank,Mage,Marksman,Tank,Fighter,Assassin,Marksman,Assassin,Mage,Mage,Assassin,Assassin,Fighter,Tank,Marksman,Fighter,Tank,Fighter,Mage,Mage,Fighter,Assassin,Marksman,Fighter,Tank,Marksman,Assassin,Fighter,Marksman,Fighter,Marksman,Assassin,Support,Mage,Mage,Mage,Fighter,Fighter,Support,Marksman,Tank,Fighter,Marksman,Marksman,Mage,Assassin,Marksman,Mage,Fighter,Mage,Fighter,Marksman,Support,Fighter,Fighter,Assassin,Fighter,Fighter,Fighter,Tank,Mage,Mage,Mage,Mage,Marksman,Fighter,Mage,Assassin,Fighter,Fighter,Mage,Mage,Fighter
70,Assassin,Tank,Fighter,Mage,Fighter,Fighter,Support,Fighter,Tank,Fighter,Mage,Fighter,Fighter,Fighter,Tank,Tank,Marksman,Tank,Assassin,Marksman,Marksman,Support,Mage,Mage,Fighter,Marksman,Marksman,Mage,Support,Fighter,Tank,Mage,Support,Mage,Assassin,Support,Support,Tank,Tank,Fighter,Tank,Tank,Mage,Marksman,Tank,Fighter,Assassin,Marksman,Assassin,Mage,Mage,Assassin,Assassin,Fighter,Tank,Marksman,Fighter,Tank,Fighter,Mage,Mage,Fighter,Assassin,Marksman,Fighter,Tank,Marksman,Assassin,Fighter,Marksman,Fighter,Marksman,Assassin,Support,Mage,Mage,Mage,Fighter,Fighter,Support,Marksman,Tank,Fighter,Marksman,Marksman,Mage,Assassin,Marksman,Mage,Fighter,Mage,Fighter,Marksman,Support,Fighter,Fighter,Assassin,Fighter,Fighter,Fighter,Tank,Mage,Mage,Mage,Mage,Marksman,Fighter,Mage,Assassin,Fighter,Fighter,Mage,Mage,Fighter
71,Assassin,Tank,Fighter,Mage,Fighter,Fighter,Support,Fighter,Tank,Fighter,Mage,Fighter,Fighter,Fighter,Tank,Tank,Marksman,Tank,Assassin,Marksman,Marksman,Support,Mage,Mage,Fighter,Marksman,Marksman,Mage,Support,Fighter,Tank,Mage,Support,Mage,Assassin,Support,Support,Tank,Tank,Fighter,Tank,Tank,Mage,Marksman,Tank,Fighter,Assassin,Marksman,Assassin,Mage,Mage,Assassin,Assassin,Fighter,Tank,Marksman,Fighter,Tank,Fighter,Mage,Mage,Fighter,Assassin,Marksman,Fighter,Tank,Marksman,Assassin,Fighter,Marksman,Fighter,Marksman,Assassin,Support,Mage,Mage,Mage,Fighter,Fighter,Support,Marksman,Tank,Fighter,Marksman,Marksman,Mage,Assassin,Marksman,Mage,Fighter,Mage,Fighter,Marksman,Support,Fighter,Fighter,Assassin,Fighter,Fighter,Fighter,Tank,Mage,Mage,Mage,Mage,Marksman,Fighter,Mage,Assassin,Fighter,Fighter,Mage,Mage,Fighter
72,Assassin,Tank,Fighter,Mage,Fighter,Fighter,Support,Fighter,Tank,Fighter,Mage,Fighter,Fighter,Fighter,Tank,Tank,Marksman,Tank,Assassin,Marksman,Marksman,Support,Mage,Mage,Fighter,Marksman,Marksman,Mage,Support,Fighter,Tank,Mage,Support,Mage,Assassin,Support,Support,Tank,Tank,Fighter,Tank,Tank,Mage,Marksman,Tank,Fighter,Assassin,Marksman,Assassin,Mage,Mage,Assassin,Assassin,Fighter,Tank,Marksman,Fighter,Tank,Fighter,Mage,Mage,Fighter,Assassin,Marksman,Fighter,Tank,Marksman,Assassin,Fighter,Marksman,Fighter,Marksman,Assassin,Support,Mage,Mage,Mage,Fighter,Fighter,Support,Marksman,Tank,Fighter,Marksman,Marksman,Mage,Assassin,Marksman,Mage,Fighter,Mage,Fighter,Marksman,Support,Fighter,Fighter,Assassin,Fighter,Fighter,Fighter,Tank,Mage,Mage,Mage,Mage,Marksman,Fighter,Mage,Assassin,Fighter,Fighter,Mage,Mage,Fighter
73,Assassin,Tank,Fighter,Mage,Fighter,Fighter,Support,Fighter,Tank,Fighter,Mage,Fighter,Fighter,Fighter,Tank,Tank,Marksman,Tank,Assassin,Marksman,Marksman,Support,Mage,Mage,Fighter,Marksman,Marksman,Mage,Support,Fighter,Tank,Mage,Support,Mage,Assassin,Support,Support,Tank,Tank,Fighter,Tank,Tank,Mage,Marksman,Tank,Fighter,Assassin,Marksman,Assassin,Mage,Mage,Assassin,Assassin,Fighter,Tank,Marksman,Fighter,Tank,Fighter,Mage,Mage,Fighter,Assassin,Marksman,Fighter,Tank,Marksman,Assassin,Fighter,Marksman,Fighter,Marksman,Assassin,Support,Mage,Mage,Mage,Fighter,Fighter,Support,Marksman,Tank,Fighter,Marksman,Marksman,Mage,Assassin,Marksman,Mage,Fighter,Mage,Fighter,Marksman,Support,Fighter,Fighter,Assassin,Fighter,Fighter,Fighter,Tank,Mage,Mage,Mage,Mage,Marksman,Fighter,Mage,Assassin,Fighter,Fighter,Mage,Mage,Fighter
74,Assassin,Tank,Fighter,Mage,Fighter,Fighter,Support,Fighter,Tank,Fighter,Mage,Fighter,Fighter,Fighter,Tank,Tank,Marksman,Tank,Assassin,Marksman,Marksman,Support,Mage,Mage,Fighter,Marksman,Marksman,Mage,Support,Fighter,Tank,Mage,Support,Mage,Assassin,Support,Support,Tank,Tank,Fighter,Tank,Tank,Mage,Marksman,Tank,Fighter,Assassin,Marksman,Assassin,Mage,Mage,Assassin,Assassin,Fighter,Tank,Marksman,Fighter,Tank,Fighter,Mage,Mage,Fighter,Assassin,Marksman,Fighter,Tank,Marksman,Assassin,Fighter,Marksman,Fighter,Marksman,Assassin,Support,Mage,Mage,Mage,Fighter,Fighter,Support,Marksman,Tank,Fighter,Marksman,Marksman,Mage,Assassin,Marksman,Mage,Fighter,Mage,Fighter,Marksman,Support,Fighter,Fighter,Assassin,Fighter,Fighter,Fighter,Tank,Mage,Mage,Mage,Mage,Marksman,Fighter,Mage,Assassin,Fighter,Fighter,Mage,Mage,Fighter
75,Assassin,Tank,Fighter,Mage,Fighter,Fighter,Support,Fighter,Tank,Fighter,Mage,Fighter,Fighter,Fighter,Tank,Tank,Marksman,Tank,Assassin,Marksman,Marksman,Support,Mage,Mage,Fighter,Marksman,Marksman,Mage,Support,Fighter,Tank,Mage,Support,Mage,Assassin,Support,Support,Tank,Tank,Fighter,Tank,Tank,Mage,Marksman,Tank,Fighter,Assassin,Marksman,Assassin,Mage,Mage,Assassin,Assassin,Fighter,Tank,Marksman,Fighter,Tank,Fighter,Mage,Mage,Fighter,Assassin,Marksman,Fighter,Tank,Marksman,Assassin,Fighter,Marksman,Fighter,Marksman,Assassin,Support,Mage,Mage,Mage,Fighter,Fighter,Support,Marksman,Tank,Fighter,Marksman,Marksman,Mage,Assassin,Marksman,Mage,Fighter,Mage,Fighter,Marksman,Support,Fighter,Fighter,Assassin,Fighter,Fighter,Fighter,Tank,Mage,Mage,Mage,Mage,Marksman,Fighter,Mage,Assassin,Fighter,Fighter,Mage,Mage,Fighter
76,Assassin,Tank,Fighter,Mage,Fighter,Fighter,Support,Fighter,Tank,Fighter,Mage,Fighter,Fighter,Fighter,Tank,Tank,Marksman,Tank,Assassin,Marksman,Marksman,Support,Mage,Mage,Fighter,Marksman,Marksman,Mage,Support,Fighter,Tank,Mage,Support,Mage,Assassin,Support,Support,Tank,Tank,Fighter,Tank,Tank,Mage,Marksman,Tank,Fighter,Assassin,Marksman,Assassin,Mage,Mage,Assassin,Assassin,Fighter,Tank,Marksman,Fighter,Tank,Fighter,Mage,Mage,Fighter,Assassin,Marksman,Fighter,Tank,Marksman,Assassin,Fighter,Marksman,Fighter,Marksman,Assassin,Support,Mage,Mage,Mage,Fighter,Fighter,Support,Marksman,Tank,Fighter,Marksman,Marksman,Mage,Assassin,Marksman,Mage,Fighter,Mage,Fighter,Marksman,Support,Fighter,Fighter,Assassin,Fighter,Fighter,Fighter,Tank,Mage,Mage,Mage,Mage,Marksman,Fighter,Mage,Assassin,Fighter,Fighter,Mage,Mage,Fighter
77,Assassin,Tank,Fighter,Mage,Fighter,Fighter,Support,Fighter,Tank,Fighter,Mage,Fighter,Fighter,Fighter,Tank,Tank,Marksman,Tank,Assassin,Marksman,Marksman,Support,Mage,Mage,Fighter,Marksman,Marksman,Mage,Support,Fighter,Tank,Mage,Support,Mage,Assassin,Support,Support,Tank,Tank,Fighter,Tank,Tank,Mage,Marksman,Tank,Fighter,Assassin,Marksman,Assassin,Mage,Mage,Assassin,Assassin,Fighter,Tank,Marksman,Fighter,Tank,Fighter,Mage,Mage,Fighter,Assassin,Marksman,Fighter,Tank,Marksman,Assassin,Fighter,Marksman,Fighter,Marksman,Assassin,Support,Mage,Mage,Mage,Fighter,Fighter,Support,Marksman,Tank,Fighter,Marksman,Marksman,Mage,Assassin,Marksman,Mage,Fighter,Mage,Fighter,Marksman,Support,Fighter,Fighter,Assassin,Fighter,Fighter,Fighter,Tank,Mage,Mage,Mage,Mage,Marksman,Fighter,Mage,Assassin,Fighter,Fighter,Mage,Mage,Fighter
78,Assassin,Tank,Fighter,Mage,Fighter,Fighter,Support,Fighter,Tank,Fighter,Mage,Fighter,Fighter,Fighter,Tank,Tank,Marksman,Tank,Assassin,Marksman,Marksman,Support,Mage,Mage,Fighter,Marksman,Marksman,Mage,Support,Fighter,Tank,Mage,Support,Mage,Assassin,Support,Support,Tank,Tank,Fighter,Tank,Tank,Mage,Marksman,Tank,Fighter,Assassin,Marksman,Assassin,Mage,Mage,Assassin,Assassin,Fighter,Tank,Marksman,Fighter,Tank,Fighter,Mage,Mage,Fighter,Assassin,Marksman,Fighter,Tank,Marksman,Assassin,Fighter,Marksman,Fighter,Marksman,Assassin,Support,Mage,Mage,Mage,Fighter,Fighter,Support,Marksman,Tank,Fighter,Marksman,Marksman,Mage,Assassin,Marksman,Mage,Fighter,Mage,Fighter,Marksman,Support,Fighter,Fighter,Assassin,Fighter,Fighter,Fighter,Tank,Mage,Mage,Mage,Mage,Marksman,Fighter,Mage,Assassin,Fighter,Fighter,Mage,Mage,Fighter
79,Assassin,Tank,Fighter,Mage,Fighter,Fighter,Support,Fighter,Tank,Fighter,Mage,Fighter,Fighter,Fighter,Tank,Tank,Marksman,Tank,Assassin,Marksman,Marksman,Support,Mage,Mage,Fighter,Marksman,Marksman,Mage,Support,Fighter,Tank,Mage,Support,Mage,Assassin,Support,Support,Tank,Tank,Fighter,Tank,Tank,Mage,Marksman,Tank,Fighter,Assassin,Marksman,Assassin,Mage,Mage,Assassin,Assassin,Fighter,Tank,Marksman,Fighter,Tank,Fighter,Mage,Mage,Fighter,Assassin,Marksman,Fighter,Tank,Marksman,Assassin,Fighter,Marksman,Fighter,Marksman,Assassin,Support,Mage,Mage,Mage,Fighter,Fighter,Support,Marksman,Tank,Fighter,Marksman,Marksman,Mage,Assassin,Marksman,Mage,Fighter,Mage,Fighter,Marksman,Support,Fighter,Fighter,Assassin,Fighter,Fighter,Fighter,Tank,Mage,Mage,Mage,Mage,Marksman,Fighter,Mage,Assassin,Fighter,Fighter,Mage,Mage,Fighter
80,Assassin,Tank,Fighter,Mage,Fighter,Fighter,Support,Fighter,Tank,Fighter,Mage,Fighter,Fighter,Fighter,Tank,Tank,Marksman,Tank,Assassin,Marksman,Marksman,Support,Mage,Mage,Fighter,Marksman,Marksman,Mage,Support,Fighter,Tank,Mage,Support,Mage,Assassin,Support,Support,Tank,Tank,Fighter,Tank,Tank,Mage,Marksman,Tank,Fighter,Assassin,Marksman,Assassin,Mage,Mage,Assassin,Assassin,Fighter,Tank,Marksman,Fighter,Tank,Fighter,Mage,Mage,Fighter,Assassin,Marksman,Fighter,Tank,Marksman,Assassin,Fighter,Marksman,Fighter,Marksman,Assassin,Support,Mage,Mage,Mage,Fighter,Fighter,Support,Marksman,Tank,Fighter,Marksman,Marksman,Mage,Assassin,Marksman,Mage,Fighter,Mage,Fighter,Marksman,Support,Fighter,Fighter,Assassin,Fighter,Fighter,Fighter,Tank,Mage,Mage,Mage,Mage,Marksman,Fighter,Mage,Assassin,Fighter,Fighter,Mage,Mage,Fighter
81,Assassin,Tank,Fighter,Mage,Fighter,Fighter,Support,Fighter,Tank,Fighter,Mage,Fighter,Fighter,Fighter,Tank,Tank,Marksman,Tank,Assassin,Marksman,Marksman,Support,Mage,Mage,Fighter,Marksman,Marksman,Mage,Support,Fighter,Tank,Mage,Support,Mage,Assassin,Support,Support,Tank,Tank,Fighter,Tank,Tank,Mage,Marksman,Tank,Fighter,Assassin,Marksman,Assassin,Mage,Mage,Assassin,Assassin,Fighter,Tank,Marksman,Fighter,Tank,Fighter,Mage,Mage,Fighter,Assassin,Marksman,Fighter,Tank,Marksman,Assassin,Fighter,Marksman,Fighter,Marksman,Assassin,Support,Mage,Mage,Mage,Fighter,Fighter,Support,Marksman,Tank,Fighter,Marksman,Marksman,Mage,Assassin,Marksman,Mage,Fighter,Mage,Fighter,Marksman,Support,Fighter,Fighter,Assassin,Fighter,Fighter,Fighter,Tank,Mage,Mage,Mage,Mage,Marksman,Fighter,Mage,Assassin,Fighter,Fighter,Mage,Mage,Fighter
82,Assassin,Tank,Fighter,Mage,Fighter,Fighter,Support,Fighter,Tank,Fighter,Mage,Fighter,Fighter,Fighter,Tank,Tank,Marksman,Tank,Assassin,Marksman,Marksman,Support,Mage,Mage,Fighter,Marksman,Marksman,Mage,Support,Fighter,Tank,Mage,Support,Mage,Assassin,Support,Support,Tank,Tank,Fighter,Tank,Tank,Mage,Marksman,Tank,Fighter,Assassin,Marksman,Assassin,Mage,Mage,Assassin,Assassin,Fighter,Tank,Marksman,Fighter,Tank,Fighter,Mage,Mage,Fighter,Assassin,Marksman,Fighter,Tank,Marksman,Assassin,Fighter,Marksman,Fighter,Marksman,Assassin,Support,Mage,Mage,Mage,Fighter,Fighter,Support,Marksman,Tank,Fighter,Marksman,Marksman,Mage,Assassin,Marksman,Mage,Fighter,Mage,Fighter,Marksman,Support,Fighter,Fighter,Assassin,Fighter,Fighter,Fighter,Tank,Mage,Mage,Mage,Mage,Marksman,Fighter,Mage,Assassin,Fighter,Fighter,Mage,Mage,Fighter
83,Assassin,Tank,Fighter,Mage,Fighter,Fighter,Support,Fighter,Tank,Fighter,Mage,Fighter,Fighter,Fighter,Tank,Tank,Marksman,Tank,Assassin,Marksman,Marksman,Support,Mage,Mage,Fighter,Marksman,Marksman,Mage,Support,Fighter,Tank,Mage,Support,Mage,Assassin,Support,Support,Tank,Tank,Fighter,Tank,Tank,Mage,Marksman,Tank,Fighter,Assassin,Marksman,Assassin,Mage,Mage,Assassin,Assassin,Fighter,Tank,Marksman,Fighter,Tank,Fighter,Mage,Mage,Fighter,Assassin,Marksman,Fighter,Tank,Marksman,Assassin,Fighter,Marksman,Fighter,Marksman,Assassin,Support,Mage,Mage,Mage,Fighter,Fighter,Support,Marksman,Tank,Fighter,Marksman,Marksman,Mage,Assassin,Marksman,Mage,Fighter,Mage,Fighter,Marksman,Support,Fighter,Fighter,Assassin,Fighter,Fighter,Fighter,Tank,Mage,Mage,Mage,Mage,Marksman,Fighter,Mage,Assassin,Fighter,Fighter,Mage,Mage,Fighter
84,Assassin,Tank,Fighter,Mage,Fighter,Fighter,Support,Fighter,Tank,Fighter,Mage,Fighter,Fighter,Fighter,Tank,Tank,Marksman,Tank,Assassin,Marksman,Marksman,Support,Mage,Mage,Fighter,Marksman,Marksman,Mage,Support,Fighter,Tank,Mage,Support,Mage,Assassin,Support,Support,Tank,Tank,Fighter,Tank,Tank,Mage,Marksman,Tank,Fighter,Assassin,Marksman,Assassin,Mage,Mage,Assassin,Assassin,Fighter,Tank,Marksman,Fighter,Tank,Fighter,Mage,Mage,Fighter,Assassin,Marksman,Fighter,Tank,Marksman,Assassin,Fighter,Marksman,Fighter,Marksman,Assassin,Support,Mage,Mage,Mage,Fighter,Fighter,Support,Marksman,Tank,Fighter,Marksman,Marksman,Mage,Assassin,Marksman,Mage,Fighter,Mage,Fighter,Marksman,Support,Fighter,Fighter,Assassin,Fighter,Fighter,Fighter,Tank,Mage,Mage,Mage,Mage,Marksman,Fighter,Mage,Assassin,Fighter,Fighter,Mage,Mage,Fighter
85,Assassin,Tank,Fighter,Mage,Fighter,Fighter,Support,Fighter,Tank,Fighter,Mage,Fighter,Fighter,Fighter,Tank,Tank,Marksman,Tank,Assassin,Marksman,Marksman,Support,Mage,Mage,Fighter,Marksman,Marksman,Mage,Support,Fighter,Tank,Mage,Support,Mage,Assassin,Support,Support,Tank,Tank,Fighter,Tank,Tank,Mage,Marksman,Tank,Fighter,Assassin,Marksman,Assassin,Mage,Mage,Assassin,Assassin,Fighter,Tank,Marksman,Fighter,Tank,Fighter,Mage,Mage,Fighter,Assassin,Marksman,Fighter,Tank,Marksman,Assassin,Fighter,Marksman,Fighter,Marksman,Assassin,Support,Mage,Mage,Mage,Fighter,Fighter,Support,Marksman,Tank,Fighter,Marksman,Marksman,Mage,Assassin,Marksman,Mage,Fighter,Mage,Fighter,Marksman,Support,Fighter,Fighter,Assassin,Fighter,Fighter,Fighter,Tank,Mage,Mage,Mage,Mage,Marksman,Fighter,Mage,Assassin,Fighter,Fighter,Mage,Mage,Fighter
86,Assassin,Tank,Fighter,Mage,Fighter,Fighter,Support,Fighter,Tank,Fighter,Mage,Fighter,Fighter,Fighter,Tank,Tank,Marksman,Tank,Assassin,Marksman,Marksman,Support,Mage,Mage,Fighter,Marksman,Marksman,Mage,Support,Fighter,Tank,Mage,Support,Mage,Assassin,Support,Support,Tank,Tank,Fighter,Tank,Tank,Mage,Marksman,Tank,Fighter,Assassin,Marksman,Assassin,Mage,Mage,Assassin,Assassin,Fighter,Tank,Marksman,Fighter,Tank,Fighter,Mage,Mage,Fighter,Assassin,Marksman,Fighter,Tank,Marksman,Assassin,Fighter,Marksman,Fighter,Marksman,Assassin,Support,Mage,Mage,Mage,Fighter,Fighter,Support,Marksman,Tank,Fighter,Marksman,Marksman,Mage,Assassin,Marksman,Mage,Fighter,Mage,Fighter,Marksman,Support,Fighter,Fighter,Assassin,Fighter,Fighter,Fighter,Tank,Mage,Mage,Mage,Mage,Marksman,Fighter,Mage,Assassin,Fighter,Fighter,Mage,Mage,Fighter
87,Assassin,Tank,Fighter,Mage,Fighter,Fighter,Support,Fighter,Tank,Fighter,Mage,Fighter,Fighter,Fighter,Tank,Tank,Marksman,Tank,Assassin,Marksman,Marksman,Support,Mage,Mage,Fighter,Marksman,Marksman,Mage,Support,Fighter,Tank,Mage,Support,Mage,Assassin,Support,Support,Tank,Tank,Fighter,Tank,Tank,Mage,Marksman,Tank,Fighter,Assassin,Marksman,Assassin,Mage,Mage,Assassin,Assassin,Fighter,Tank,Marksman,Fighter,Tank,Fighter,Mage,Mage,Fighter,Assassin,Marksman,Fighter,Tank,Marksman,Assassin,Fighter,Marksman,Fighter,Marksman,Assassin,Support,Mage,Mage,Mage,Fighter,Fighter,Support,Marksman,Tank,Fighter,Marksman,Marksman,Mage,Assassin,Marksman,Mage,Fighter,Mage,Fighter,Marksman,Support,Fighter,Fighter,Assassin,Fighter,Fighter,Fighter,Tank,Mage,Mage,Mage,Mage,Marksman,Fighter,Mage,Assassin,Fighter,Fighter,Mage,Mage,Fighter
88,Assassin,Tank,Fighter,Mage,Fighter,Fighter,Support,Fighter,Tank,Fighter,Mage,Fighter,Fighter,Fighter,Tank,Tank,Marksman,Tank,Assassin,Marksman,Marksman,Support,Mage,Mage,Fighter,Marksman,Marksman,Mage,Support,Fighter,Tank,Mage,Support,Mage,Assassin,Support,Support,Tank,Tank,Fighter,Tank,Tank,Mage,Marksman,Tank,Fighter,Assassin,Marksman,Assassin,Mage,Mage,Assassin,Assassin,Fighter,Tank,Marksman,Fighter,Tank,Fighter,Mage,Mage,Fighter,Assassin,Marksman,Fighter,Tank,Marksman,Assassin,Fighter,Marksman,Fighter,Marksman,Assassin,Support,Mage,Mage,Mage,Fighter,Fighter,Support,Marksman,Tank,Fighter,Marksman,Marksman,Mage,Assassin,Marksman,Mage,Fighter,Mage,Fighter,Marksman,Support,Fighter,Fighter,Assassin,Fighter,Fighter,Fighter,Tank,Mage,Mage,Mage,Mage,Marksman,Fighter,Mage,Assassin,Fighter,Fighter,Mage,Mage,Fighter
89,Assassin,Tank,Fighter,Mage,Fighter,Fighter,Support,Fighter,Tank,Fighter,Mage,Fighter,Fighter,Fighter,Tank,Tank,Marksman,Tank,Assassin,Marksman,Marksman,Support,Mage,Mage,Fighter,Marksman,Marksman,Mage,Support,Fighter,Tank,Mage,Support,Mage,Assassin,Support,Support,Tank,Tank,Fighter,Tank,Tank,Mage,Marksman,Tank,Fighter,Assassin,Marksman,Assassin,Mage,Mage,Assassin,Assassin,Fighter,Tank,Marksman,Fighter,Tank,Fighter,Mage,Mage,Fighter,Assassin,Marksman,Fighter,Tank,Marksman,Assassin,Fighter,Marksman,Fighter,Marksman,Assassin,Support,Mage,Mage,Mage,Fighter,Fighter,Support,Marksman,Tank,Fighter,Marksman,Marksman,Mage,Assassin,Marksman,Mage,Fighter,Mage,Fighter,Marksman,Support,Fighter,Fighter,Assassin,Fighter,Fighter,Fighter,Tank,Mage,Mage,Mage,Mage,Marksman,Fighter,Mage,Assassin,Fighter,Fighter,Mage,Mage,Fighter
90,Assassin,Tank,Fighter,Mage,Fighter,Fighter,Support,Fighter,Tank,Fighter,Mage,Fighter,Fighter,Fighter,Tank,Tank,Marksman,Tank,Assassin,Marksman,Marksman,Support,Mage,Mage,Fighter,Marksman,Marksman,Mage,Support,Fighter,Tank,Mage,Support,Mage,Assassin,Support,Support,Tank,Tank,Fighter,Tank,Tank,Mage,Marksman,Tank,Fighter,Assassin,Marksman,Assassin,Mage,Mage,Assassin,Assassin,Fighter,Tank,Marksman,Fighter,Tank,Fighter,Mage,Mage,Fighter,Assassin,Marksman,Fighter,Tank,Marksman,Assassin,Fighter,Marksman,Fighter,Marksman,Assassin,Support,Mage,Mage,Mage,Fighter,Fighter,Support,Marksman,Tank,Fighter,Marksman,Marksman,Mage,Assassin,Marksman,Mage,Fighter,Mage,Fighter,Marksman,Support,Fighter,Fighter,Assassin,Fighter,Fighter,Fighter,Tank,Mage,Mage,Mage,Mage,Marksman,Fighter,Mage,Assassin,Fighter,Fighter,Mage,Mage,Fighter
91,Assassin,Tank,Fighter,Mage,Fighter,Fighter,Support,Fighter,Tank,Fighter,Mage,Fighter,Fighter,Fighter,Tank,Tank,Marksman,Tank,Assassin,Marksman,Marksman,Support,Mage,Mage,Fighter,Marksman,Marksman,Mage,Support,Fighter,Tank,Mage,Support,Mage,Assassin,Support,Support,Tank,Tank,Fighter,Tank,Tank,Mage,Marksman,Tank,Fighter,Assassin,Marksman,Assassin,Mage,Mage,Assassin,Assassin,Fighter,Tank,Marksman,Fighter,Tank,Fighter,Mage,Mage,Fighter,Assassin,Marksman,Fighter,Tank,Marksman,Assassin,Fighter,Marksman,Fighter,Marksman,Assassin,Support,Mage,Mage,Mage,Fighter,Fighter,Support,Marksman,Tank,Fighter,Marksman,Marksman,Mage,Assassin,Marksman,Mage,Fighter,Mage,Fighter,Marksman,Support,Fighter,Fighter,Assassin,Fighter,Fighter,Fighter,Tank,Mage,Mage,Mage,Mage,Marksman,Fighter,Mage,Assassin,Fighter,Fighter,Mage,Mage,Fighter
92,Assassin,Tank,Fighter,Mage,Fighter,Fighter,Support,Fighter,Tank,Fighter,Mage,Fighter,Fighter,Fighter,Tank,Tank,Marksman,Tank,Assassin,Marksman,Marksman,Support,Mage,Mage,Fighter,Marksman,Marksman,Mage,Support,Fighter,Tank,Mage,Support,Mage,Assassin,Support,Support,Tank,Tank,Fighter,Tank,Tank,Mage,Marksman,Tank,Fighter,Assassin,Marksman,Assassin,Mage,Mage,Assassin,Assassin,Fighter,Tank,Marksman,Fighter,Tank,Fighter,Mage,Mage,Fighter,Assassin,Marksman,Fighter,Tank,Marksman,Assassin,Fighter,Marksman,Fighter,Marksman,Assassin,Support,Mage,Mage,Mage,Fighter,Fighter,Support,Marksman,Tank,Fighter,Marksman,Marksman,Mage,Assassin,Marksman,Mage,Fighter,Mage,Fighter,Marksman,Support,Fighter,Fighter,Assassin,Fighter,Fighter,Fighter,Tank,Mage,Mage,Mage,Mage,Marksman,Fighter,Mage,Assassin,Fighter,Fighter,Mage,Mage,Fighter
93,Assassin,Tank,Fighter,Mage,Fighter,Fighter,Support,Fighter,Tank,Fighter,Mage,Fighter,Fighter,Fighter,Tank,Tank,Marksman,Tank,Assassin,Marksman,Marksman,Support,Mage,Mage,Fighter,Marksman,Marksman,Mage,Support,Fighter,Tank,Mage,Support,Mage,Assassin,Support,Support,Tank,Tank,Fighter,Tank,Tank,Mage,Marksman,Tank,Fighter,Assassin,Marksman,Assassin,Mage,Mage,Assassin,Assassin,Fighter,Tank,Marksman,Fighter,Tank,Fighter,Mage,Mage,Fighter,Assassin,Marksman,Fighter,Tank,Marksman,Assassin,Fighter,Marksman,Fighter,Marksman,Assassin,Support,Mage,Mage,Mage,Fighter,Fighter,Support,Marksman,Tank,Fighter,Marksman,Marksman,Mage,Assassin,Marksman,Mage,Fighter,Mage,Fighter,Marksman,Support,Fighter,Fighter,Assassin,Fighter,Fighter,Fighter,Tank,Mage,Mage,Mage,Mage,Marksman,Fighter,Mage,Assassin,Fighter,Fighter,Mage,Mage,Fighter
94,Assassin,Tank,Fighter,Mage,Fighter,Fighter,Support,Fighter,Tank,Fighter,Mage,Fighter,Fighter,Fighter,Tank,Tank,Marksman,Tank,Assassin,Marksman,Marksman,Support,Mage,Mage,Fighter,Marksman,Marksman,Mage,Support,Fighter,Tank,Mage,Support,Mage,Assassin,Support,Support,Tank,Tank,Fighter,Tank,Tank,Mage,Marksman,Tank,Fighter,Assassin,Marksman,Assassin,Mage,Mage,Assassin,Assassin,Fighter,Tank,Marksman,Fighter,Tank,Fighter,Mage,Mage,Fighter,Assassin,Marksman,Fighter,Tank,Marksman,Assassin,Fighter,Marksman,Fighter,Marksman,Assassin,Support,Mage,Mage,Mage,Fighter,Fighter,Support,Marksman,Tank,Fighter,Marksman,Marksman,Mage,Assassin,Marksman,Mage,Fighter,Mage,Fighter,Marksman,Support,Fighter,Fighter,Assassin,Fighter,Fighter,Fighter,Tank,Mage,Mage,Mage,Mage,Marksman,Fighter,Mage,Assassin,Fighter,Fighter,Mage,Mage,Fighter
95,Assassin,Tank,Fighter,Mage,Fighter,Fighter,Support,Fighter,Tank,Fighter,Mage,Fighter,Fighter,Fighter,Tank,Tank,Marksman,Tank,Assassin,Marksman,Marksman,Support,Mage,Mage,Fighter,Marksman,Marksman,Mage,Support,Fighter,Tank,Mage,Support,Mage,Assassin,Support,Support,Tank,Tank,Fighter,Tank,Tank,Mage,Marksman,Tank,Fighter,Assassin,Marksman,Assassin,Mage,Mage,Assassin,Assassin,Fighter,Tank,Marksman,Fighter,Tank,Fighter,Mage,Mage,Fighter,Assassin,Marksman,Fighter,Tank,Marksman,Assassin,Fighter,Marksman,Fighter,Marksman,Assassin,Support,Mage,Mage,Mage,Fighter,Fighter,Support,Marksman,Tank,Fighter,Marksman,Marksman,Mage,Assassin,Marksman,Mage,Fighter,Mage,Fighter,Marksman,Support,Fighter,Fighter,Assassin,Fighter,Fighter,Fighter,Tank,Mage,Mage,Mage,Mage,Marksman,Fighter,Mage,Assassin,Fighter,Fighter,Mage,Mage,Fighter
96,Assassin,Tank,Fighter,Mage,Fighter,Fighter,Support,Fighter,Tank,Fighter,Mage,Fighter,Fighter,Fighter,Tank,Tank,Marksman,Tank,Assassin,Marksman,Marksman,Support,Mage,Mage,Fighter,Marksman,Marksman,Mage,Support,Fighter,Tank,Mage,Support,Mage,Assassin,Support,Support,Tank,Tank,Fighter,Tank,Tank,Mage,Marksman,Tank,Fighter,Assassin,Marksman,Assassin,Mage,Mage,Assassin,Assassin,Fighter,Tank,Marksman,Fighter,Tank,Fighter,Mage,Mage,Fighter,Assassin,Marksman,Fighter,Tank,Marksman,Assassin,Fighter,Marksman,Fighter,Marksman,Assassin,Support,Mage,Mage,Mage,Fighter,Fighter,Support,Marksman,Tank,Fighter,Marksman,Marksman,Mage,Assassin,Marksman,Mage,Fighter,Mage,Fighter,Marksman,Support,Fighter,Fighter,Assassin,Fighter,Fighter,Fighter,Tank,Mage,Mage,Mage,Mage,Marksman,Fighter,Mage,Assassin,Fighter,Fighter,Mage,Mage,Fighter
97,Assassin,Tank,Fighter,Mage,Fighter,Fighter,Support,Fighter,Tank,Fighter,Mage,Fighter,Fighter,Fighter,Tank,Tank,Marksman,Tank,Assassin,Marksman,Marksman,Support,Mage,Mage,Fighter,Marksman,Marksman,Mage,Support,Fighter,Tank,Mage,Support,Mage,Assassin,Support,Support,Tank,Tank,Fighter,Tank,Tank,Mage,Marksman,Tank,Fighter,Assassin,Marksman,Assassin,Mage,Mage,Assassin,Assassin,Fighter,Tank,Marksman,Fighter,Tank,Fighter,Mage,Mage,Fighter,Assassin,Marksman,Fighter,Tank,Marksman,Assassin,Fighter,Marksman,Fighter,Marksman,Assassin,Support,Mage,Mage,Mage,Fighter,Fighter,Support,Marksman,Tank,Fighter,Marksman,Marksman,Mage,Assassin,Marksman,Mage,Fighter,Mage,Fighter,Marksman,Support,Fighter,Fighter,Assassin,Fighter,Fighter,Fighter,Tank,Mage,Mage,Mage,Mage,Marksman,Fighter,Mage,Assassin,Fighter,Fighter,Mage,Mage,Fighter
98,Assassin,Tank,Fighter,Mage,Fighter,Fighter,Support,Fighter,Tank,Fighter,Mage,Fighter,Fighter,Fighter,Tank,Tank,Marksman,Tank,Assassin,Marksman,Marksman,Support,Mage,Mage,Fighter,Marksman,Marksman,Mage,Support,Fighter,Tank,Mage,Support,Mage,Assassin,Support,Support,Tank,Tank,Fighter,Tank,Tank,Mage,Marksman,Tank,Fighter,Assassin,Marksman,Assassin,Mage,Mage,Assassin,Assassin,Fighter,Tank,Marksman,Fighter,Tank,Fighter,Mage,Mage,Fighter,Assassin,Marksman,Fighter,Tank,Marksman,Assassin,Fighter,Marksman,Fighter,Marksman,Assassin,Support,Mage,Mage,Mage,Fighter,Fighter,Support,Marksman,Tank,Fighter,Marksman,Marksman,Mage,Assassin,Marksman,Mage,Fighter,Mage,Fighter,Marksman,Support,Fighter,Fighter,Assassin,Fighter,Fighter,Fighter,Tank,Mage,Mage,Mage,Mage,Marksman,Fighter,Mage,Assassin,Fighter,Fighter,Mage,Mage,Fighter
99,Assassin,Tank,Fighter,Mage,Fighter,Fighter,Support,Fighter,Tank,Fighter,Mage,Fighter,Fighter,Fighter,Tank,Tank,Marksman,Tank,Assassin,Marksman,Marksman,Support,Mage,Mage,Fighter,Marksman,Marksman,Mage,Support,Fighter,Tank,Mage,Support,Mage,Assassin,Support,Support,Tank,Tank,Fighter,Tank,Tank,Mage,Marksman,Tank,Fighter,Assassin,Marksman,Assassin,Mage,Mage,Assassin,Assassin,Fighter,Tank,Marksman,Fighter,Tank,Fighter,Mage,Mage,Fighter,Assassin,Marksman,Fighter,Tank,Marksman,Assassin,Fighter,Marksman,Fighter,Marksman,Assassin,Support,Mage,Mage,Mage,Fighter,Fighter,Support,Marksman,Tank,Fighter,Marksman,Marksman,Mage,Assassin,Marksman,Mage,Fighter,Mage,Fighter,Marksman,Support,Fighter,Fighter,Assassin,Fighter,Fighter,Fighter,Tank,Mage,Mage,Mage,Mage,Marksman,Fighter,Mage,Assassin,Fighter,Fighter,Mage,Mage,Fighter
100,Assassin,Tank,Fighter,Mage,Fighter,Fighter,Support,Fighter,Tank,Fighter,Mage,Fighter,Fighter,Fighter,Tank,Tank,Marksman,Tank,Assassin,Marksman,Marksman,Support,Mage,Mage,Fighter,Marksman,Marksman,Mage,Support,Fighter,Tank,Mage,Support,Mage,Assassin,Support,Support,Tank,Tank,Fighter,Tank,Tank,Mage,Marksman,Tank,Fighter,Assassin,Marksman,Assassin,Mage,Mage,Assassin,Assassin,Fighter,Tank,Marksman,Fighter,Tank,Fighter,Mage,Mage,Fighter,Assassin,Marksman,Fighter,Tank,Marksman,Assassin,Fighter,Marksman,Fighter,Marksman,Assassin,Support,Mage,Mage,Mage,Fighter,Fighter,Support,Marksman,Tank,Fighter,Marksman,Marksman,Mage,Assassin,Marksman,Mage,Fighter,Mage,Fighter,Marksman,Support,Fighter,Fighter,Assassin,Fighter,Fighter,Fighter,Tank,Mage,Mage,Mage,Mage,Marksman,Fighter,Mage,Assassin,Fighter,Fighter,Mage,Mage,Fighter
101,Assassin,Tank,Fighter,Mage,Fighter,Fighter,Support,Fighter,Tank,Fighter,Mage,Fighter,Fighter,Fighter,Tank,Tank,Marksman,Tank,Assassin,Marksman,Marksman,Support,Mage,Mage,Fighter,Marksman,Marksman,Mage,Support,Fighter,Tank,Mage,Support,Mage,Assassin,Support,Support,Tank,Tank,Fighter,Tank,Tank,Mage,Marksman,Tank,Fighter,Assassin,Marksman,Assassin,Mage,Mage,Assassin,Assassin,Fighter,Tank,Marksman,Fighter,Tank,Fighter,Mage,Mage,Fighter,Assassin,Marksman,Fighter,Tank,Marksman,Assassin,Fighter,Marksman,Fighter,Marksman,Assassin,Support,Mage,Mage,Mage,Fighter,Fighter,Support,Marksman,Tank,Fighter,Marksman,Marksman,Mage,Assassin,Marksman,Mage,Fighter,Mage,Fighter,Marksman,Support,Fighter,Fighter,Assassin,Fighter,Fighter,Fighter,Tank,Mage,Mage,Mage,Mage,Marksman,Fighter,Mage,Assassin,Fighter,Fighter,Mage,Mage,Fighter
102,Assassin,Tank,Fighter,Mage,Fighter,Fighter,Support,Fighter,Tank,Fighter,Mage,Fighter,Fighter,Fighter,Tank,Tank,Marksman,Tank,Assassin,Marksman,Marksman,Support,Mage,Mage,Fighter,Marksman,Marksman,Mage,Support,Fighter,Tank,Mage,Support,Mage,Assassin,Support,Support,Tank,Tank,Fighter,Tank,Tank,Mage,Marksman,Tank,Fighter,Assassin,Marksman,Assassin,Mage,Mage,Assassin,Assassin,Fighter,Tank,Marksman,Fighter,Tank,Fighter,Mage,Mage,Fighter,Assassin,Marksman,Fighter,Tank,Marksman,Assassin,Fighter,Marksman,Fighter,Marksman,Assassin,Support,Mage,Mage,Mage,Fighter,Fighter,Support,Marksman,Tank,Fighter,Marksman,Marksman,Mage,Assassin,Marksman,Mage,Fighter,Mage,Fighter,Marksman,Support,Fighter,Fighter,Assassin,Fighter,Fighter,Fighter,Tank,Mage,Mage,Mage,Mage,Marksman,Fighter,Mage,Assassin,Fighter,Fighter,Mage,Mage,Fighter
103,Assassin,Tank,Fighter,Mage,Fighter,Fighter,Support,Fighter,Tank,Fighter,Mage,Fighter,Fighter,Fighter,Tank,Tank,Marksman,Tank,Assassin,Marksman,Marksman,Support,Mage,Mage,Fighter,Marksman,Marksman,Mage,Support,Fighter,Tank,Mage,Support,Mage,Assassin,Support,Support,Tank,Tank,Fighter,Tank,Tank,Mage,Marksman,Tank,Fighter,Assassin,Marksman,Assassin,Mage,Mage,Assassin,Assassin,Fighter,Tank,Marksman,Fighter,Tank,Fighter,Mage,Mage,Fighter,Assassin,Marksman,Fighter,Tank,Marksman,Assassin,Fighter,Marksman,Fighter,Marksman,Assassin,Support,Mage,Mage,Mage,Fighter,Fighter,Support,Marksman,Tank,Fighter,Marksman,Marksman,Mage,Assassin,Marksman,Mage,Fighter,Mage,Fighter,Marksman,Support,Fighter,Fighter,Assassin,Fighter,Fighter,Fighter,Tank,Mage,Mage,Mage,Mage,Marksman,Fighter,Mage,Assassin,Fighter,Fighter,Mage,Mage,Fighter
104,Assassin,Tank,Fighter,Mage,Fighter,Fighter,Support,Fighter,Tank,Fighter,Mage,Fighter,Fighter,Fighter,Tank,Tank,Marksman,Tank,Assassin,Marksman,Marksman,Support,Mage,Mage,Fighter,Marksman,Marksman,Mage,Support,Fighter,Tank,Mage,Support,Mage,Assassin,Support,Support,Tank,Tank,Fighter,Tank,Tank,Mage,Marksman,Tank,Fighter,Assassin,Marksman,Assassin,Mage,Mage,Assassin,Assassin,Fighter,Tank,Marksman,Fighter,Tank,Fighter,Mage,Mage,Fighter,Assassin,Marksman,Fighter,Tank,Marksman,Assassin,Fighter,Marksman,Fighter,Marksman,Assassin,Support,Mage,Mage,Mage,Fighter,Fighter,Support,Marksman,Tank,Fighter,Marksman,Marksman,Mage,Assassin,Marksman,Mage,Fighter,Mage,Fighter,Marksman,Support,Fighter,Fighter,Assassin,Fighter,Fighter,Fighter,Tank,Mage,Mage,Mage,Mage,Marksman,Fighter,Mage,Assassin,Fighter,Fighter,Mage,Mage,Fighter
105,Assassin,Tank,Fighter,Mage,Fighter,Fighter,Support,Fighter,Tank,Fighter,Mage,Fighter,Fighter,Fighter,Tank,Tank,Marksman,Tank,Assassin,Marksman,Marksman,Support,Mage,Mage,Fighter,Marksman,Marksman,Mage,Support,Fighter,Tank,Mage,Support,Mage,Assassin,Support,Support,Tank,Tank,Fighter,Tank,Tank,Mage,Marksman,Tank,Fighter,Assassin,Marksman,Assassin,Mage,Mage,Assassin,Assassin,Fighter,Tank,Marksman,Fighter,Tank,Fighter,Mage,Mage,Fighter,Assassin,Marksman,Fighter,Tank,Marksman,Assassin,Fighter,Marksman,Fighter,Marksman,Assassin,Support,Mage,Mage,Mage,Fighter,Fighter,Support,Marksman,Tank,Fighter,Marksman,Marksman,Mage,Assassin,Marksman,Mage,Fighter,Mage,Fighter,Marksman,Support,Fighter,Fighter,Assassin,Fighter,Fighter,Fighter,Tank,Mage,Mage,Mage,Mage,Marksman,Fighter,Mage,Assassin,Fighter,Fighter,Mage,Mage,Fighter
106,Assassin,Tank,Fighter,Mage,Fighter,Fighter,Support,Fighter,Tank,Fighter,Mage,Fighter,Fighter,Fighter,Tank,Tank,Marksman,Tank,Assassin,Marksman,Marksman,Support,Mage,Mage,Fighter,Marksman,Marksman,Mage,Support,Fighter,Tank,Mage,Support,Mage,Assassin,Support,Support,Tank,Tank,Fighter,Tank,Tank,Mage,Marksman,Tank,Fighter,Assassin,Marksman,Assassin,Mage,Mage,Assassin,Assassin,Fighter,Tank,Marksman,Fighter,Tank,Fighter,Mage,Mage,Fighter,Assassin,Marksman,Fighter,Tank,Marksman,Assassin,Fighter,Marksman,Fighter,Marksman,Assassin,Support,Mage,Mage,Mage,Fighter,Fighter,Support,Marksman,Tank,Fighter,Marksman,Marksman,Mage,Assassin,Marksman,Mage,Fighter,Mage,Fighter,Marksman,Support,Fighter,Fighter,Assassin,Fighter,Fighter,Fighter,Tank,Mage,Mage,Mage,Mage,Marksman,Fighter,Mage,Assassin,Fighter,Fighter,Mage,Mage,Fighter
107,Assassin,Tank,Fighter,Mage,Fighter,Fighter,Support,Fighter,Tank,Fighter,Mage,Fighter,Fighter,Fighter,Tank,Tank,Marksman,Tank,Assassin,Marksman,Marksman,Support,Mage,Mage,Fighter,Marksman,Marksman,Mage,Support,Fighter,Tank,Mage,Support,Mage,Assassin,Support,Support,Tank,Tank,Fighter,Tank,Tank,Mage,Marksman,Tank,Fighter,Assassin,Marksman,Assassin,Mage,Mage,Assassin,Assassin,Fighter,Tank,Marksman,Fighter,Tank,Fighter,Mage,Mage,Fighter,Assassin,Marksman,Fighter,Tank,Marksman,Assassin,Fighter,Marksman,Fighter,Marksman,Assassin,Support,Mage,Mage,Mage,Fighter,Fighter,Support,Marksman,Tank,Fighter,Marksman,Marksman,Mage,Assassin,Marksman,Mage,Fighter,Mage,Fighter,Marksman,Support,Fighter,Fighter,Assassin,Fighter,Fighter,Fighter,Tank,Mage,Mage,Mage,Mage,Marksman,Fighter,Mage,Assassin,Fighter,Fighter,Mage,Mage,Fighter
108,Assassin,Tank,Fighter,Mage,Fighter,Fighter,Support,Fighter,Tank,Fighter,Mage,Fighter,Fighter,Fighter,Tank,Tank,Marksman,Tank,Assassin,Marksman,Marksman,Support,Mage,Mage,Fighter,Marksman,Marksman,Mage,Support,Fighter,Tank,Mage,Support,Mage,Assassin,Support,Support,Tank,Tank,Fighter,Tank,Tank,Mage,Marksman,Tank,Fighter,Assassin,Marksman,Assassin,Mage,Mage,Assassin,Assassin,Fighter,Tank,Marksman,Fighter,Tank,Fighter,Mage,Mage,Fighter,Assassin,Marksman,Fighter,Tank,Marksman,Assassin,Fighter,Marksman,Fighter,Marksman,Assassin,Support,Mage,Mage,Mage,Fighter,Fighter,Support,Marksman,Tank,Fighter,Marksman,Marksman,Mage,Assassin,Marksman,Mage,Fighter,Mage,Fighter,Marksman,Support,Fighter,Fighter,Assassin,Fighter,Fighter,Fighter,Tank,Mage,Mage,Mage,Mage,Marksman,Fighter,Mage,Assassin,Fighter,Fighter,Mage,Mage,Fighter
109,Assassin,Tank,Fighter,Mage,Fighter,Fighter,Support,Fighter,Tank,Fighter,Mage,Fighter,Fighter,Fighter,Tank,Tank,Marksman,Tank,Assassin,Marksman,Marksman,Support,Mage,Mage,Fighter,Marksman,Marksman,Mage,Support,Fighter,Tank,Mage,Support,Mage,Assassin,Support,Support,Tank,Tank,Fighter,Tank,Tank,Mage,Marksman,Tank,Fighter,Assassin,Marksman,Assassin,Mage,Mage,Assassin,Assassin,Fighter,Tank,Marksman,Fighter,Tank,Fighter,Mage,Mage,Fighter,Assassin,Marksman,Fighter,Tank,Marksman,Assassin,Fighter,Marksman,Fighter,Marksman,Assassin,Support,Mage,Mage,Mage,Fighter,Fighter,Support,Marksman,Tank,Fighter,Marksman,Marksman,Mage,Assassin,Marksman,Mage,Fighter,Mage,Fighter,Marksman,Support,Fighter,Fighter,Assassin,Fighter,Fighter,Fighter,Tank,Mage,Mage,Mage,Mage,Marksman,Fighter,Mage,Assassin,Fighter,Fighter,Mage,Mage,Fighter
110,Assassin,Tank,Fighter,Mage,Fighter,Fighter,Support,Fighter,Tank,Fighter,Mage,Fighter,Fighter,Fighter,Tank,Tank,Marksman,Tank,Assassin,Marksman,Marksman,Support,Mage,Mage,Fighter,Marksman,Marksman,Mage,Support,Fighter,Tank,Mage,Support,Mage,Assassin,Support,Support,Tank,Tank,Fighter,Tank,Tank,Mage,Marksman,Tank,Fighter,Assassin,Marksman,Assassin,Mage,Mage,Assassin,Assassin,Fighter,Tank,Marksman,Fighter,Tank,Fighter,Mage,Mage,Fighter,Assassin,Marksman,Fighter,Tank,Marksman,Assassin,Fighter,Marksman,Fighter,Marksman,Assassin,Support,Mage,Mage,Mage,Fighter,Fighter,Support,Marksman,Tank,Fighter,Marksman,Marksman,Mage,Assassin,Marksman,Mage,Fighter,Mage,Fighter,Marksman,Support,Fighter,Fighter,Assassin,Fighter,Fighter,Fighter,Tank,Mage,Mage,Mage,Mage,Marksman,Fighter,Mage,Assassin,Fighter,Fighter,Mage,Mage,Fighter
111,Assassin,Tank,Fighter,Mage,Fighter,Fighter,Support,Fighter,Tank,Fighter,Mage,Fighter,Fighter,Fighter,Tank,Tank,Marksman,Tank,Assassin,Marksman,Marksman,Support,Mage,Mage,Fighter,Marksman,Marksman,Mage,Support,Fighter,Tank,Mage,Support,Mage,Assassin,Support,Support,Tank,Tank,Fighter,Tank,Tank,Mage,Marksman,Tank,Fighter,Assassin,Marksman,Assassin,Mage,Mage,Assassin,Assassin,Fighter,Tank,Marksman,Fighter,Tank,Fighter,Mage,Mage,Fighter,Assassin,Marksman,Fighter,Tank,Marksman,Assassin,Fighter,Marksman,Fighter,Marksman,Assassin,Support,Mage,Mage,Mage,Fighter,Fighter,Support,Marksman,Tank,Fighter,Marksman,Marksman,Mage,Assassin,Marksman,Mage,Fighter,Mage,Fighter,Marksman,Support,Fighter,Fighter,Assassin,Fighter,Fighter,Fighter,Tank,Mage,Mage,Mage,Mage,Marksman,Fighter,Mage,Assassin,Fighter,Fighter,Mage,Mage,Fighter
112,Assassin,Tank,Fighter,Mage,Fighter,Fighter,Support,Fighter,Tank,Fighter,Mage,Fighter,Fighter,Fighter,Tank,Tank,Marksman,Tank,Assassin,Marksman,Marksman,Support,Mage,Mage,Fighter,Marksman,Marksman,Mage,Support,Fighter,Tank,Mage,Support,Mage,Assassin,Support,Support,Tank,Tank,Fighter,Tank,Tank,Mage,Marksman,Tank,Fighter,Assassin,Marksman,Assassin,Mage,Mage,Assassin,Assassin,Fighter,Tank,Marksman,Fighter,Tank,Fighter,Mage,Mage,Fighter,Assassin,Marksman,Fighter,Tank,Marksman,Assassin,Fighter,Marksman,Fighter,Marksman,Assassin,Support,Mage,Mage,Mage,Fighter,Fighter,Support,Marksman,Tank,Fighter,Marksman,Marksman,Mage,Assassin,Marksman,Mage,Fighter,Mage,Fighter,Marksman,Support,Fighter,Fighter,Assassin,Fighter,Fighter,Fighter,Tank,Mage,Mage,Mage,Mage,Marksman,Fighter,Mage,Assassin,Fighter,Fighter,Mage,Mage,Fighter
113,Assassin,Tank,Fighter,Mage,Fighter,Fighter,Support,Fighter,Tank,Fighter,Mage,Fighter,Fighter,Fighter,Tank,Tank,Marksman,Tank,Assassin,Marksman,Marksman,Support,Mage,Mage,Fighter,Marksman,Marksman,Mage,Support,Fighter,Tank,Mage,Support,Mage,Assassin,Support,Support,Tank,Tank,Fighter,Tank,Tank,Mage,Marksman,Tank,Fighter,Assassin,Marksman,Assassin,Mage,Mage,Assassin,Assassin,Fighter,Tank,Marksman,Fighter,Tank,Fighter,Mage,Mage,Fighter,Assassin,Marksman,Fighter,Tank,Marksman,Assassin,Fighter,Marksman,Fighter,Marksman,Assassin,Support,Mage,Mage,Mage,Fighter,Fighter,Support,Marksman,Tank,Fighter,Marksman,Marksman,Mage,Assassin,Marksman,Mage,Fighter,Mage,Fighter,Marksman,Support,Fighter,Fighter,Assassin,Fighter,Fighter,Fighter,Tank,Mage,Mage,Mage,Mage,Marksman,Fighter,Mage,Assassin,Fighter,Fighter,Mage,Mage,Fighter
114,Assassin,Tank,Fighter,Mage,Fighter,Fighter,Support,Fighter,Tank,Fighter,Mage,Fighter,Fighter,Fighter,Tank,Tank,Marksman,Tank,Assassin,Marksman,Marksman,Support,Mage,Mage,Fighter,Marksman,Marksman,Mage,Support,Fighter,Tank,Mage,Support,Mage,Assassin,Support,Support,Tank,Tank,Fighter,Tank,Tank,Mage,Marksman,Tank,Fighter,Assassin,Marksman,Assassin,Mage,Mage,Assassin,Assassin,Fighter,Tank,Marksman,Fighter,Tank,Fighter,Mage,Mage,Fighter,Assassin,Marksman,Fighter,Tank,Marksman,Assassin,Fighter,Marksman,Fighter,Marksman,Assassin,Support,Mage,Mage,Mage,Fighter,Fighter,Support,Marksman,Tank,Fighter,Marksman,Marksman,Mage,Assassin,Marksman,Mage,Fighter,Mage,Fighter,Marksman,Support,Fighter,Fighter,Assassin,Fighter,Fighter,Fighter,Tank,Mage,Mage,Mage,Mage,Marksman,Fighter,Mage,Assassin,Fighter,Fighter,Mage,Mage,Fighter
